name,kana,romaji,gender
An Cơ,An Cơ,anco,male
An Khang,An Khang,ankhang,male
Ân Lai,Ân Lai,anlai,male
An Nam,An Nam,annam,male
An Nguyên,An Nguyên,annguyen,male
An Ninh,An Ninh,anninh,male
An Tâm,An Tâm,antam,male
Ân Thiện,Ân Thiện,anthien,male
An Tường,An Tường,antuong,male
Anh Ðức,Anh Ðức,anhðuc,male
Anh Dũng,Anh Dũng,anhdung,male
Anh Duy,Anh Duy,anhduy,male
Anh Hoàng,Anh Hoàng,anhhoang,male
Anh Khải,Anh Khải,anhkhai,male
Anh Khoa,Anh Khoa,anhkhoa,male
Anh Khôi,Anh Khôi,anhkhoi,male
Anh Minh,Anh Minh,anhminh,male
Anh Quân,Anh Quân,anhquan,male
Anh Quốc,Anh Quốc,anhquoc,male
Anh Sơn,Anh Sơn,anhson,male
Anh Tài,Anh Tài,anhtai,male
Anh Thái,Anh Thái,anhthai,male
Anh Tú,Anh Tú,anhtu,male
Anh Tuấn,Anh Tuấn,anhtuan,male
Anh Tùng,Anh Tùng,anhtung,male
Anh Việt,Anh Việt,anhviet,male
Anh Vũ,Anh Vũ,anhvu,male
Bá Cường,Bá Cường,bacuong,male
Bá Kỳ,Bá Kỳ,baky,male
Bá Lộc,Bá Lộc,baloc,male
Bá Long,Bá Long,balong,male
Bá Phước,Bá Phước,baphuoc,male
Bá Thành,Bá Thành,bathanh,male
Bá Thiện,Bá Thiện,bathien,male
Bá Thịnh,Bá Thịnh,bathinh,male
Bá Thúc,Bá Thúc,bathuc,male
Bá Trúc,Bá Trúc,batruc,male
Bá Tùng,Bá Tùng,batung,male
Bách Du,Bách Du,bachdu,male
Bách Nhân,Bách Nhân,bachnhan,male
Bằng Sơn,Bằng Sơn,bangson,male
Bảo An,Bảo An,baoan,male
Bảo Bảo,Bảo Bảo,baobao,male
Bảo Chấn,Bảo Chấn,baochan,male
Bảo Ðịnh,Bảo Ðịnh,baoðinh,male
Bảo Duy,Bảo Duy,baoduy,male
Bảo Giang,Bảo Giang,baogiang,male
Bảo Hiển,Bảo Hiển,baohien,male
Bảo Hoa,Bảo Hoa,baohoa,male
Bảo Hoàng,Bảo Hoàng,baohoang,male
Bảo Huy,Bảo Huy,baohuy,male
Bảo Huynh,Bảo Huynh,baohuynh,male
Bảo Huỳnh,Bảo Huỳnh,baohuynh,male
Bảo Khánh,Bảo Khánh,baokhanh,male
Bảo Lâm,Bảo Lâm,baolam,male
Bảo Long,Bảo Long,baolong,male
Bảo Pháp,Bảo Pháp,baophap,male
Bảo Quốc,Bảo Quốc,baoquoc,male
Bảo Sơn,Bảo Sơn,baoson,male
Bảo Thạch,Bảo Thạch,baothach,male
Bảo Thái,Bảo Thái,baothai,male
Bảo Tín,Bảo Tín,baotin,male
Bảo Toàn,Bảo Toàn,baotoan,male
Bích Nhã,Bích Nhã,bichnha,male
Bình An,Bình An,binhan,male
Bình Dân,Bình Dân,binhdan,male
Bình Ðạt,Bình Ðạt,binhðat,male
Bình Ðịnh,Bình Ðịnh,binhðinh,male
Bình Dương,Bình Dương,binhduong,male
Bình Hòa,Bình Hòa,binhhoa,male
Bình Minh,Bình Minh,binhminh,male
Bình Nguyên,Bình Nguyên,binhnguyen,male
Bình Quân,Bình Quân,binhquan,male
Bình Thuận,Bình Thuận,binhthuan,male
Bình Yên,Bình Yên,binhyen,male
Bửu Chưởng,Bửu Chưởng,buuchuong,male
Bửu Diệp,Bửu Diệp,buudiep,male
Bữu Toại,Bữu Toại,buutoai,male
Cảnh Tuấn,Cảnh Tuấn,canhtuan,male
Cao Kỳ,Cao Kỳ,caoky,male
Cao Minh,Cao Minh,caominh,male
Cao Nghiệp,Cao Nghiệp,caonghiep,male
Cao Nguyên,Cao Nguyên,caonguyen,male
Cao Nhân,Cao Nhân,caonhan,male
Cao Phong,Cao Phong,caophong,male
Cao Sĩ,Cao Sĩ,caosi,male
Cao Sơn,Cao Sơn,caoson,male
Cao Sỹ,Cao Sỹ,caosy,male
Cao Thọ,Cao Thọ,caotho,male
Cao Tiến,Cao Tiến,caotien,male
Cát Tường,Cát Tường,cattuong,male
Cát Uy,Cát Uy,catuy,male
Chấn Hùng,Chấn Hùng,chanhung,male
Chấn Hưng,Chấn Hưng,chanhung,male
Chấn Phong,Chấn Phong,chanphong,male
Chánh Việt,Chánh Việt,chanhviet,male
Chế Phương,Chế Phương,chephuong,male
Chí Anh,Chí Anh,chianh,male
Chí Bảo,Chí Bảo,chibao,male
Chí Công,Chí Công,chicong,male
Chí Dũng,Chí Dũng,chidung,male
Chí Giang,Chí Giang,chigiang,male
Chí Hiếu,Chí Hiếu,chihieu,male
Chí Khang,Chí Khang,chikhang,male
Chí Khiêm,Chí Khiêm,chikhiem,male
Chí Kiên,Chí Kiên,chikien,male
Chí Nam,Chí Nam,chinam,male
Chí Sơn,Chí Sơn,chison,male
Chí Thanh,Chí Thanh,chithanh,male
Chí Thành,Chí Thành,chithanh,male
Chiến Thắng,Chiến Thắng,chienthang,male
Chiêu Minh,Chiêu Minh,chieuminh,male
Chiêu Phong,Chiêu Phong,chieuphong,male
Chiêu Quân,Chiêu Quân,chieuquan,male
Chính Tâm,Chính Tâm,chinhtam,male
Chính Thuận,Chính Thuận,chinhthuan,male
Chính Trực,Chính Trực,chinhtruc,male
Chuẩn Khoa,Chuẩn Khoa,chuankhoa,male
Chung Thủy,Chung Thủy,chungthuy,male
Công Án,Công Án,congan,male
Công Ân,Công Ân,congan,male
Công Bằng,Công Bằng,congbang,male
Công Giang,Công Giang,conggiang,male
Công Hải,Công Hải,conghai,male
Công Hào,Công Hào,conghao,male
Công Hậu,Công Hậu,conghau,male
Công Hiếu,Công Hiếu,conghieu,male
Công Hoán,Công Hoán,conghoan,male
Công Lập,Công Lập,conglap,male
Công Lộc,Công Lộc,congloc,male
Công Luận,Công Luận,congluan,male
Công Luật,Công Luật,congluat,male
Công Lý,Công Lý,congly,male
Công Phụng,Công Phụng,congphung,male
Công Sinh,Công Sinh,congsinh,male
Công Sơn,Công Sơn,congson,male
Công Thành,Công Thành,congthanh,male
Công Tráng,Công Tráng,congtrang,male
Công Tuấn,Công Tuấn,congtuan,male
Cường Dũng,Cường Dũng,cuongdung,male
Cương Nghị,Cương Nghị,cuongnghi,male
Cương Quyết,Cương Quyết,cuongquyet,male
Cường Thịnh,Cường Thịnh,cuongthinh,male
Ðắc Cường,Ðắc Cường,ðaccuong,male
Ðắc Di,Ðắc Di,ðacdi,male
Ðắc Lộ,Ðắc Lộ,ðaclo,male
Ðắc Lực,Ðắc Lực,ðacluc,male
Ðắc Thái,Ðắc Thái,ðacthai,male
Ðắc Thành,Ðắc Thành,ðacthanh,male
Ðắc Trọng,Ðắc Trọng,ðactrong,male
Ðại Dương,Ðại Dương,ðaiduong,male
Ðại Hành,Ðại Hành,ðaihanh,male
Ðại Ngọc,Ðại Ngọc,ðaingoc,male
Ðại Thống,Ðại Thống,ðaithong,male
Dân Hiệp,Dân Hiệp,danhiep,male
Dân Khánh,Dân Khánh,dankhanh,male
Ðan Quế,Ðan Quế,ðanque,male
Ðan Tâm,Ðan Tâm,ðantam,male
Ðăng An,Ðăng An,ðangan,male
Ðăng Ðạt,Ðăng Ðạt,ðangðat,male
Ðăng Khánh,Ðăng Khánh,ðangkhanh,male
Ðăng Khoa,Ðăng Khoa,ðangkhoa,male
Đăng Khương,Đăng Khương,dangkhuong,male
Ðăng Minh,Ðăng Minh,ðangminh,male
Đăng Quang,Đăng Quang,dangquang,male
Danh Nhân,Danh Nhân,danhnhan,male
Danh Sơn,Danh Sơn,danhson,male
Danh Thành,Danh Thành,danhthanh,male
Danh Văn,Danh Văn,danhvan,male
Ðạt Dũng,Ðạt Dũng,ðatdung,male
Ðạt Hòa,Ðạt Hòa,ðathoa,male
Ðình Chiểu,Ðình Chiểu,ðinhchieu,male
Ðình Chương,Ðình Chương,ðinhchuong,male
Ðình Cường,Ðình Cường,ðinhcuong,male
Ðình Diệu,Ðình Diệu,ðinhdieu,male
Ðình Ðôn,Ðình Ðôn,ðinhðon,male
Ðình Dương,Ðình Dương,ðinhduong,male
Ðình Hảo,Ðình Hảo,ðinhhao,male
Ðình Hợp,Ðình Hợp,ðinhhop,male
Ðình Kim,Ðình Kim,ðinhkim,male
Ðinh Lộc,Ðinh Lộc,ðinhloc,male
Ðình Lộc,Ðình Lộc,ðinhloc,male
Ðình Luận,Ðình Luận,ðinhluan,male
Ðịnh Lực,Ðịnh Lực,ðinhluc,male
Ðình Nam,Ðình Nam,ðinhnam,male
Ðình Ngân,Ðình Ngân,ðinhngan,male
Ðình Nguyên,Ðình Nguyên,ðinhnguyen,male
Ðình Nhân,Ðình Nhân,ðinhnhan,male
Ðình Phú,Ðình Phú,ðinhphu,male
Ðình Phúc,Ðình Phúc,ðinhphuc,male
Ðình Quảng,Ðình Quảng,ðinhquang,male
Ðình Sang,Ðình Sang,ðinhsang,male
Ðịnh Siêu,Ðịnh Siêu,ðinhsieu,male
Ðình Thắng,Ðình Thắng,ðinhthang,male
Ðình Thiện,Ðình Thiện,ðinhthien,male
Ðình Toàn,Ðình Toàn,ðinhtoan,male
Ðình Trung,Ðình Trung,ðinhtrung,male
Ðình Tuấn,Ðình Tuấn,ðinhtuan,male
Ðoàn Tụ,Ðoàn Tụ,ðoantu,male
Ðồng Bằng,Ðồng Bằng,ðongbang,male
Ðông Dương,Ðông Dương,ðongduong,male
Ðông Hải,Ðông Hải,ðonghai,male
Ðồng Khánh,Ðồng Khánh,ðongkhanh,male
Ðông Nguyên,Ðông Nguyên,ðongnguyen,male
Ðông Phong,Ðông Phong,ðongphong,male
Ðông Phương,Ðông Phương,ðongphuong,male
Ðông Quân,Ðông Quân,ðongquan,male
Ðông Sơn,Ðông Sơn,ðongson,male
Ðức Ân,Ðức Ân,ðucan,male
Ðức Anh,Ðức Anh,ðucanh,male
Ðức Bằng,Ðức Bằng,ðucbang,male
Ðức Bảo,Ðức Bảo,ðucbao,male
Ðức Bình,Ðức Bình,ðucbinh,male
Ðức Chính,Ðức Chính,ðucchinh,male
Ðức Duy,Ðức Duy,ðucduy,male
Ðức Giang,Ðức Giang,ðucgiang,male
Ðức Hải,Ðức Hải,ðuchai,male
Ðức Hạnh,Ðức Hạnh,ðuchanh,male
Đức Hòa,Đức Hòa,duchoa,male
Ðức Hòa,Ðức Hòa,ðuchoa,male
Ðức Huy,Ðức Huy,ðuchuy,male
Ðức Khải,Ðức Khải,ðuckhai,male
Ðức Khang,Ðức Khang,ðuckhang,male
Ðức Khiêm,Ðức Khiêm,ðuckhiem,male
Ðức Kiên,Ðức Kiên,ðuckien,male
Ðức Long,Ðức Long,ðuclong,male
Ðức Mạnh,Ðức Mạnh,ðucmanh,male
Ðức Minh,Ðức Minh,ðucminh,male
Ðức Nhân,Ðức Nhân,ðucnhan,male
Ðức Phi,Ðức Phi,ðucphi,male
Ðức Phong,Ðức Phong,ðucphong,male
Ðức Phú,Ðức Phú,ðucphu,male
Ðức Quang,Ðức Quang,ðucquang,male
Ðức Quảng,Ðức Quảng,ðucquang,male
Ðức Quyền,Ðức Quyền,ðucquyen,male
Ðức Siêu,Ðức Siêu,ðucsieu,male
Ðức Sinh,Ðức Sinh,ðucsinh,male
Ðức Tài,Ðức Tài,ðuctai,male
Ðức Tâm,Ðức Tâm,ðuctam,male
Ðức Thắng,Ðức Thắng,ðucthang,male
Ðức Thành,Ðức Thành,ðucthanh,male
Ðức Thọ,Ðức Thọ,ðuctho,male
Ðức Toàn,Ðức Toàn,ðuctoan,male
Ðức Toản,Ðức Toản,ðuctoan,male
Ðức Trí,Ðức Trí,ðuctri,male
Ðức Trung,Ðức Trung,ðuctrung,male
Ðức Tuấn,Ðức Tuấn,ðuctuan,male
Ðức Tuệ,Ðức Tuệ,ðuctue,male
Ðức Tường,Ðức Tường,ðuctuong,male
Dũng Trí,Dũng Trí,dungtri,male
Dũng Việt,Dũng Việt,dungviet,male
Dương Anh,Dương Anh,duonganh,male
Dương Khánh,Dương Khánh,duongkhanh,male
Duy An,Duy An,duyan,male
Duy Bảo,Duy Bảo,duybao,male
Duy Cẩn,Duy Cẩn,duycan,male
Duy Cường,Duy Cường,duycuong,male
Duy Hải,Duy Hải,duyhai,male
Duy Hiền,Duy Hiền,duyhien,male
Duy Hiếu,Duy Hiếu,duyhieu,male
Duy Hoàng,Duy Hoàng,duyhoang,male
Duy Hùng,Duy Hùng,duyhung,male
Duy Khang,Duy Khang,duykhang,male
Duy Khánh,Duy Khánh,duykhanh,male
Duy Khiêm,Duy Khiêm,duykhiem,male
Duy Kính,Duy Kính,duykinh,male
Duy Luận,Duy Luận,duyluan,male
Duy Mạnh,Duy Mạnh,duymanh,male
Duy Minh,Duy Minh,duyminh,male
Duy Ngôn,Duy Ngôn,duyngon,male
Duy Nhượng,Duy Nhượng,duynhuong,male
Duy Quang,Duy Quang,duyquang,male
Duy Tâm,Duy Tâm,duytam,male
Duy Tân,Duy Tân,duytan,male
Duy Thạch,Duy Thạch,duythach,male
Duy Thắng,Duy Thắng,duythang,male
Duy Thanh,Duy Thanh,duythanh,male
Duy Thành,Duy Thành,duythanh,male
Duy Thông,Duy Thông,duythong,male
Duy Tiếp,Duy Tiếp,duytiep,male
Duy Tuyền,Duy Tuyền,duytuyen,male
Gia Ân,Gia Ân,giaan,male
Gia Anh,Gia Anh,giaanh,male
Gia Bạch,Gia Bạch,giabach,male
Gia Bảo,Gia Bảo,giabao,male
Gia Bình,Gia Bình,giabinh,male
Gia Cần,Gia Cần,giacan,male
Gia Cẩn,Gia Cẩn,giacan,male
Gia Cảnh,Gia Cảnh,giacanh,male
Gia Ðạo,Gia Ðạo,giaðao,male
Gia Ðức,Gia Ðức,giaðuc,male
Gia Hiệp,Gia Hiệp,giahiep,male
Gia Hòa,Gia Hòa,giahoa,male
Gia Hoàng,Gia Hoàng,giahoang,male
Gia Huấn,Gia Huấn,giahuan,male
Gia Hùng,Gia Hùng,giahung,male
Gia Hưng,Gia Hưng,giahung,male
Gia Huy,Gia Huy,giahuy,male
Gia Khánh,Gia Khánh,giakhanh,male
Gia Khiêm,Gia Khiêm,giakhiem,male
Gia Kiên,Gia Kiên,giakien,male
Gia Kiệt,Gia Kiệt,giakiet,male
Gia Lập,Gia Lập,gialap,male
Gia Minh,Gia Minh,giaminh,male
Gia Nghị,Gia Nghị,gianghi,male
Gia Phong,Gia Phong,giaphong,male
Gia Phúc,Gia Phúc,giaphuc,male
Gia Phước,Gia Phước,giaphuoc,male
Gia Thiện,Gia Thiện,giathien,male
Gia Thịnh,Gia Thịnh,giathinh,male
Gia Uy,Gia Uy,giauy,male
Gia Vinh,Gia Vinh,giavinh,male
Giang Lam,Giang Lam,gianglam,male
Giang Nam,Giang Nam,giangnam,male
Giang Sơn,Giang Sơn,giangson,male
Giang Thiên,Giang Thiên,giangthien,male
Hà Hải,Hà Hải,hahai,male
Hải Bằng,Hải Bằng,haibang,male
Hải Bình,Hải Bình,haibinh,male
Hải Ðăng,Hải Ðăng,haiðang,male
Hải Dương,Hải Dương,haiduong,male
Hải Giang,Hải Giang,haigiang,male
Hải Hà,Hải Hà,haiha,male
Hải Long,Hải Long,hailong,male
Hải Lý,Hải Lý,haily,male
Hải Nam,Hải Nam,hainam,male
Hải Nguyên,Hải Nguyên,hainguyen,male
Hải Phong,Hải Phong,haiphong,male
Hải Quân,Hải Quân,haiquan,male
Hải Sơn,Hải Sơn,haison,male
Hải Thụy,Hải Thụy,haithuy,male
Hán Lâm,Hán Lâm,hanlam,male
Hạnh Tường,Hạnh Tường,hanhtuong,male
Hào Nghiệp,Hào Nghiệp,haonghiep,male
Hạo Nhiên,Hạo Nhiên,haonhien,male
Hiền Minh,Hiền Minh,hienminh,male
Hiệp Dinh,Hiệp Dinh,hiepdinh,male
Hiệp Hà,Hiệp Hà,hiepha,male
Hiệp Hào,Hiệp Hào,hiephao,male
Hiệp Hiền,Hiệp Hiền,hiephien,male
Hiệp Hòa,Hiệp Hòa,hiephoa,male
Hiệp Vũ,Hiệp Vũ,hiepvu,male
Hiếu Dụng,Hiếu Dụng,hieudung,male
Hiếu Học,Hiếu Học,hieuhoc,male
Hiểu Lam,Hiểu Lam,hieulam,male
Hiếu Liêm,Hiếu Liêm,hieuliem,male
Hiếu Nghĩa,Hiếu Nghĩa,hieunghia,male
Hiếu Phong,Hiếu Phong,hieuphong,male
Hiếu Thông,Hiếu Thông,hieuthong,male
Hồ Bắc,Hồ Bắc,hobac,male
Hồ Nam,Hồ Nam,honam,male
Hòa Bình,Hòa Bình,hoabinh,male
Hòa Giang,Hòa Giang,hoagiang,male
Hòa Hiệp,Hòa Hiệp,hoahiep,male
Hòa Hợp,Hòa Hợp,hoahop,male
Hòa Lạc,Hòa Lạc,hoalac,male
Hòa Thái,Hòa Thái,hoathai,male
Hoài Bắc,Hoài Bắc,hoaibac,male
Hoài Nam,Hoài Nam,hoainam,male
Hoài Phong,Hoài Phong,hoaiphong,male
Hoài Thanh,Hoài Thanh,hoaithanh,male
Hoài Tín,Hoài Tín,hoaitin,male
Hoài Trung,Hoài Trung,hoaitrung,male
Hoài Việt,Hoài Việt,hoaiviet,male
Hoài Vỹ,Hoài Vỹ,hoaivy,male
Hoàn Kiếm,Hoàn Kiếm,hoankiem,male
Hoàn Vũ,Hoàn Vũ,hoanvu,male
Hoàng Ân,Hoàng Ân,hoangan,male
Hoàng Duệ,Hoàng Duệ,hoangdue,male
Hoàng Dũng,Hoàng Dũng,hoangdung,male
Hoàng Giang,Hoàng Giang,hoanggiang,male
Hoàng Hải,Hoàng Hải,hoanghai,male
Hoàng Hiệp,Hoàng Hiệp,hoanghiep,male
Hoàng Khải,Hoàng Khải,hoangkhai,male
Hoàng Khang,Hoàng Khang,hoangkhang,male
Hoàng Khôi,Hoàng Khôi,hoangkhoi,male
Hoàng Lâm,Hoàng Lâm,hoanglam,male
Hoàng Linh,Hoàng Linh,hoanglinh,male
Hoàng Long,Hoàng Long,hoanglong,male
Hoàng Minh,Hoàng Minh,hoangminh,male
Hoàng Mỹ,Hoàng Mỹ,hoangmy,male
Hoàng Nam,Hoàng Nam,hoangnam,male
Hoàng Ngôn,Hoàng Ngôn,hoangngon,male
Hoàng Phát,Hoàng Phát,hoangphat,male
Hoàng Quân,Hoàng Quân,hoangquan,male
Hoàng Thái,Hoàng Thái,hoangthai,male
Hoàng Việt,Hoàng Việt,hoangviet,male
Hoàng Xuân,Hoàng Xuân,hoangxuan,male
Hồng Ðăng,Hồng Ðăng,hongðang,male
Hồng Đức,Hồng Đức,hongduc,male
Hồng Giang,Hồng Giang,honggiang,male
Hồng Lân,Hồng Lân,honglan,male
Hồng Liêm,Hồng Liêm,hongliem,male
Hồng Lĩnh,Hồng Lĩnh,honglinh,male
Hồng Minh,Hồng Minh,hongminh,male
Hồng Nhật,Hồng Nhật,hongnhat,male
Hồng Nhuận,Hồng Nhuận,hongnhuan,male
Hồng Phát,Hồng Phát,hongphat,male
Hồng Quang,Hồng Quang,hongquang,male
Hồng Quý,Hồng Quý,hongquy,male
Hồng Sơn,Hồng Sơn,hongson,male
Hồng Thịnh,Hồng Thịnh,hongthinh,male
Hồng Thụy,Hồng Thụy,hongthuy,male
Hồng Việt,Hồng Việt,hongviet,male
Hồng Vinh,Hồng Vinh,hongvinh,male
Huân Võ,Huân Võ,huanvo,male
Hùng Anh,Hùng Anh,hunganh,male
Hùng Cường,Hùng Cường,hungcuong,male
Hưng Ðạo,Hưng Ðạo,hungðao,male
Hùng Dũng,Hùng Dũng,hungdung,male
Hùng Ngọc,Hùng Ngọc,hungngoc,male
Hùng Phong,Hùng Phong,hungphong,male
Hùng Sơn,Hùng Sơn,hungson,male
Hùng Thịnh,Hùng Thịnh,hungthinh,male
Hùng Tường,Hùng Tường,hungtuong,male
Hướng Bình,Hướng Bình,huongbinh,male
Hướng Dương,Hướng Dương,huongduong,male
Hướng Thiện,Hướng Thiện,huongthien,male
Hướng Tiền,Hướng Tiền,huongtien,male
Hữu Bào,Hữu Bào,huubao,male
Hữu Bảo,Hữu Bảo,huubao,male
Hữu Bình,Hữu Bình,huubinh,male
Hữu Canh,Hữu Canh,huucanh,male
Hữu Cảnh,Hữu Cảnh,huucanh,male
Hữu Châu,Hữu Châu,huuchau,male
Hữu Chiến,Hữu Chiến,huuchien,male
Hữu Cương,Hữu Cương,huucuong,male
Hữu Cường,Hữu Cường,huucuong,male
Hữu Ðạt,Hữu Ðạt,huuðat,male
Hữu Ðịnh,Hữu Ðịnh,huuðinh,male
Hữu Hạnh,Hữu Hạnh,huuhanh,male
Hữu Hiệp,Hữu Hiệp,huuhiep,male
Hữu Hoàng,Hữu Hoàng,huuhoang,male
Hữu Hùng,Hữu Hùng,huuhung,male
Hữu Khang,Hữu Khang,huukhang,male
Hữu Khanh,Hữu Khanh,huukhanh,male
Hữu Khoát,Hữu Khoát,huukhoat,male
Hữu Khôi,Hữu Khôi,huukhoi,male
Hữu Long,Hữu Long,huulong,male
Hữu Lương,Hữu Lương,huuluong,male
Hữu Minh,Hữu Minh,huuminh,male
Hữu Nam,Hữu Nam,huunam,male
Hữu Nghị,Hữu Nghị,huunghi,male
Hữu Nghĩa,Hữu Nghĩa,huunghia,male
Hữu Phước,Hữu Phước,huuphuoc,male
Hữu Tài,Hữu Tài,huutai,male
Hữu Tâm,Hữu Tâm,huutam,male
Hữu Tân,Hữu Tân,huutan,male
Hữu Thắng,Hữu Thắng,huuthang,male
Hữu Thiện,Hữu Thiện,huuthien,male
Hữu Thọ,Hữu Thọ,huutho,male
Hữu Thống,Hữu Thống,huuthong,male
Hữu Thực,Hữu Thực,huuthuc,male
Hữu Toàn,Hữu Toàn,huutoan,male
Hữu Trác,Hữu Trác,huutrac,male
Hữu Trí,Hữu Trí,huutri,male
Hữu Trung,Hữu Trung,huutrung,male
Hữu Từ,Hữu Từ,huutu,male
Hữu Tường,Hữu Tường,huutuong,male
Hữu Vĩnh,Hữu Vĩnh,huuvinh,male
Hữu Vượng,Hữu Vượng,huuvuong,male
Huy Anh,Huy Anh,huyanh,male
Huy Chiểu,Huy Chiểu,huychieu,male
Huy Hà,Huy Hà,huyha,male
Huy Hoàng,Huy Hoàng,huyhoang,male
Huy Kha,Huy Kha,huykha,male
Huy Khánh,Huy Khánh,huykhanh,male
Huy Khiêm,Huy Khiêm,huykhiem,male
Huy Lĩnh,Huy Lĩnh,huylinh,male
Huy Phong,Huy Phong,huyphong,male
Huy Quang,Huy Quang,huyquang,male
Huy Thành,Huy Thành,huythanh,male
Huy Thông,Huy Thông,huythong,male
Huy Trân,Huy Trân,huytran,male
Huy Tuấn,Huy Tuấn,huytuan,male
Huy Tường,Huy Tường,huytuong,male
Huy Việt,Huy Việt,huyviet,male
Huy Vũ,Huy Vũ,huyvu,male
Khắc Anh,Khắc Anh,khacanh,male
Khắc Công,Khắc Công,khaccong,male
Khắc Dũng,Khắc Dũng,khacdung,male
Khắc Duy,Khắc Duy,khacduy,male
Khắc Kỷ,Khắc Kỷ,khacky,male
Khắc Minh,Khắc Minh,khacminh,male
Khắc Ninh,Khắc Ninh,khacninh,male
Khắc Thành,Khắc Thành,khacthanh,male
Khắc Triệu,Khắc Triệu,khactrieu,male
Khắc Trọng,Khắc Trọng,khactrong,male
Khắc Tuấn,Khắc Tuấn,khactuan,male
Khắc Việt,Khắc Việt,khacviet,male
Khắc Vũ,Khắc Vũ,khacvu,male
Khải Ca,Khải Ca,khaica,male
Khải Hòa,Khải Hòa,khaihoa,male
Khai Minh,Khai Minh,khaiminh,male
Khải Tâm,Khải Tâm,khaitam,male
Khải Tuấn,Khải Tuấn,khaituan,male
Khang Kiện,Khang Kiện,khangkien,male
Khánh An,Khánh An,khanhan,male
Khánh Bình,Khánh Bình,khanhbinh,male
Khánh Ðan,Khánh Ðan,khanhðan,male
Khánh Duy,Khánh Duy,khanhduy,male
Khánh Giang,Khánh Giang,khanhgiang,male
Khánh Hải,Khánh Hải,khanhhai,male
Khánh Hòa,Khánh Hòa,khanhhoa,male
Khánh Hoàn,Khánh Hoàn,khanhhoan,male
Khánh Hoàng,Khánh Hoàng,khanhhoang,male
Khánh Hội,Khánh Hội,khanhhoi,male
Khánh Huy,Khánh Huy,khanhhuy,male
Khánh Minh,Khánh Minh,khanhminh,male
Khánh Nam,Khánh Nam,khanhnam,male
Khánh Văn,Khánh Văn,khanhvan,male
Khoa Trưởng,Khoa Trưởng,khoatruong,male
Khôi Nguyên,Khôi Nguyên,khoinguyen,male
Khởi Phong,Khởi Phong,khoiphong,male
Khôi Vĩ,Khôi Vĩ,khoivi,male
Khương Duy,Khương Duy,khuongduy,male
Khuyến Học,Khuyến Học,khuyenhoc,male
Kiên Bình,Kiên Bình,kienbinh,male
Kiến Bình,Kiến Bình,kienbinh,male
Kiên Cường,Kiên Cường,kiencuong,male
Kiến Ðức,Kiến Ðức,kienðuc,male
Kiên Giang,Kiên Giang,kiengiang,male
Kiên Lâm,Kiên Lâm,kienlam,male
Kiên Trung,Kiên Trung,kientrung,male
Kiến Văn,Kiến Văn,kienvan,male
Kiệt Võ,Kiệt Võ,kietvo,male
Kim Ðan,Kim Ðan,kimðan,male
Kim Hoàng,Kim Hoàng,kimhoang,male
Kim Long,Kim Long,kimlong,male
Kim Phú,Kim Phú,kimphu,male
Kim Sơn,Kim Sơn,kimson,male
Kim Thịnh,Kim Thịnh,kimthinh,male
Kim Thông,Kim Thông,kimthong,male
Kim Toàn,Kim Toàn,kimtoan,male
Kim Vượng,Kim Vượng,kimvuong,male
Kỳ Võ,Kỳ Võ,kyvo,male
Lạc Nhân,Lạc Nhân,lacnhan,male
Lạc Phúc,Lạc Phúc,lacphuc,male
Lâm Ðồng,Lâm Ðồng,lamðong,male
Lâm Dũng,Lâm Dũng,lamdung,male
Lam Giang,Lam Giang,lamgiang,male
Lam Phương,Lam Phương,lamphuong,male
Lâm Trường,Lâm Trường,lamtruong,male
Lâm Tường,Lâm Tường,lamtuong,male
Lâm Viên,Lâm Viên,lamvien,male
Lâm Vũ,Lâm Vũ,lamvu,male
Lập Nghiệp,Lập Nghiệp,lapnghiep,male
Lập Thành,Lập Thành,lapthanh,male
Liên Kiệt,Liên Kiệt,lienkiet,male
Long Giang,Long Giang,longgiang,male
Long Quân,Long Quân,longquan,male
Long Vịnh,Long Vịnh,longvinh,male
Lương Quyền,Lương Quyền,luongquyen,male
Lương Tài,Lương Tài,luongtai,male
Lương Thiện,Lương Thiện,luongthien,male
Lương Tuyền,Lương Tuyền,luongtuyen,male
Mạnh Cương,Mạnh Cương,manhcuong,male
Mạnh Cường,Mạnh Cường,manhcuong,male
Mạnh Ðình,Mạnh Ðình,manhðinh,male
Mạnh Dũng,Mạnh Dũng,manhdung,male
Mạnh Hùng,Mạnh Hùng,manhhung,male
Mạnh Nghiêm,Mạnh Nghiêm,manhnghiem,male
Mạnh Quỳnh,Mạnh Quỳnh,manhquynh,male
Mạnh Tấn,Mạnh Tấn,manhtan,male
Mạnh Thắng,Mạnh Thắng,manhthang,male
Mạnh Thiện,Mạnh Thiện,manhthien,male
Mạnh Trình,Mạnh Trình,manhtrinh,male
Mạnh Trường,Mạnh Trường,manhtruong,male
Mạnh Tuấn,Mạnh Tuấn,manhtuan,male
Mạnh Tường,Mạnh Tường,manhtuong,male
Minh Ân,Minh Ân,minhan,male
Minh Anh,Minh Anh,minhanh,male
Minh Cảnh,Minh Cảnh,minhcanh,male
Minh Dân,Minh Dân,minhdan,male
Minh Ðan,Minh Ðan,minhðan,male
Minh Danh,Minh Danh,minhdanh,male
Minh Ðạt,Minh Ðạt,minhðat,male
Minh Ðức,Minh Ðức,minhðuc,male
Minh Dũng,Minh Dũng,minhdung,male
Minh Giang,Minh Giang,minhgiang,male
Minh Hải,Minh Hải,minhhai,male
Minh Hào,Minh Hào,minhhao,male
Minh Hiên,Minh Hiên,minhhien,male
Minh Hiếu,Minh Hiếu,minhhieu,male
Minh Hòa,Minh Hòa,minhhoa,male
Minh Hoàng,Minh Hoàng,minhhoang,male
Minh Huấn,Minh Huấn,minhhuan,male
Minh Hùng,Minh Hùng,minhhung,male
Minh Hưng,Minh Hưng,minhhung,male
Minh Huy,Minh Huy,minhhuy,male
Minh Hỷ,Minh Hỷ,minhhy,male
Minh Khang,Minh Khang,minhkhang,male
Minh Khánh,Minh Khánh,minhkhanh,male
Minh Khiếu,Minh Khiếu,minhkhieu,male
Minh Khôi,Minh Khôi,minhkhoi,male
Minh Kiệt,Minh Kiệt,minhkiet,male
Minh Kỳ,Minh Kỳ,minhky,male
Minh Lý,Minh Lý,minhly,male
Minh Mẫn,Minh Mẫn,minhman,male
Minh Nghĩa,Minh Nghĩa,minhnghia,male
Minh Nhân,Minh Nhân,minhnhan,male
Minh Nhật,Minh Nhật,minhnhat,male
Minh Nhu,Minh Nhu,minhnhu,male
Minh Quân,Minh Quân,minhquan,male
Minh Quang,Minh Quang,minhquang,male
Minh Quốc,Minh Quốc,minhquoc,male
Minh Sơn,Minh Sơn,minhson,male
Minh Tân,Minh Tân,minhtan,male
Minh Thạc,Minh Thạc,minhthac,male
Minh Thái,Minh Thái,minhthai,male
Minh Thắng,Minh Thắng,minhthang,male
Minh Thiện,Minh Thiện,minhthien,male
Minh Thông,Minh Thông,minhthong,male
Minh Thuận,Minh Thuận,minhthuan,male
Minh Tiến,Minh Tiến,minhtien,male
Minh Toàn,Minh Toàn,minhtoan,male
Minh Trí,Minh Trí,minhtri,male
Minh Triết,Minh Triết,minhtriet,male
Minh Triệu,Minh Triệu,minhtrieu,male
Minh Trung,Minh Trung,minhtrung,male
Minh Tú,Minh Tú,minhtu,male
Minh Tuấn,Minh Tuấn,minhtuan,male
Minh Vu,Minh Vu,minhvu,male
Minh Vũ,Minh Vũ,minhvu,male
Minh Vương,Minh Vương,minhvuong,male
Mộng Giác,Mộng Giác,monggiac,male
Mộng Hoàn,Mộng Hoàn,monghoan,male
Mộng Lâm,Mộng Lâm,monglam,male
Mộng Long,Mộng Long,monglong,male
Nam An,Nam An,naman,male
Nam Dương,Nam Dương,namduong,male
Nam Hải,Nam Hải,namhai,male
Nam Hưng,Nam Hưng,namhung,male
Nam Lộc,Nam Lộc,namloc,male
Nam Nhật,Nam Nhật,namnhat,male
Nam Ninh,Nam Ninh,namninh,male
Nam Phi,Nam Phi,namphi,male
Nam Phương,Nam Phương,namphuong,male
Nam Sơn,Nam Sơn,namson,male
Nam Thanh,Nam Thanh,namthanh,male
Nam Thông,Nam Thông,namthong,male
Nam Tú,Nam Tú,namtu,male
Nam Việt,Nam Việt,namviet,male
Nghị Lực,Nghị Lực,nghiluc,male
Nghị Quyền,Nghị Quyền,nghiquyen,male
Nghĩa Dũng,Nghĩa Dũng,nghiadung,male
Nghĩa Hòa,Nghĩa Hòa,nghiahoa,male
Ngọc Ẩn,Ngọc Ẩn,ngocan,male
Ngọc Cảnh,Ngọc Cảnh,ngoccanh,male
Ngọc Cường,Ngọc Cường,ngoccuong,male
Ngọc Danh,Ngọc Danh,ngocdanh,male
Ngọc Ðoàn,Ngọc Ðoàn,ngocðoan,male
Ngọc Dũng,Ngọc Dũng,ngocdung,male
Ngọc Hải,Ngọc Hải,ngochai,male
Ngọc Hiển,Ngọc Hiển,ngochien,male
Ngọc Huy,Ngọc Huy,ngochuy,male
Ngọc Khang,Ngọc Khang,ngockhang,male
Ngọc Khôi,Ngọc Khôi,ngockhoi,male
Ngọc Khương,Ngọc Khương,ngockhuong,male
Ngọc Lai,Ngọc Lai,ngoclai,male
Ngọc Lân,Ngọc Lân,ngoclan,male
Ngọc Minh,Ngọc Minh,ngocminh,male
Ngọc Ngạn,Ngọc Ngạn,ngocngan,male
Ngọc Quang,Ngọc Quang,ngocquang,male
Ngọc Sơn,Ngọc Sơn,ngocson,male
Ngọc Thạch,Ngọc Thạch,ngocthach,male
Ngọc Thiện,Ngọc Thiện,ngocthien,male
Ngọc Thọ,Ngọc Thọ,ngoctho,male
Ngọc Thuận,Ngọc Thuận,ngocthuan,male
Ngọc Tiển,Ngọc Tiển,ngoctien,male
Ngọc Trụ,Ngọc Trụ,ngoctru,male
Ngọc Tuấn,Ngọc Tuấn,ngoctuan,male
Nguyên Bảo,Nguyên Bảo,nguyenbao,male
Nguyên Bổng,Nguyên Bổng,nguyenbong,male
Nguyên Ðan,Nguyên Ðan,nguyenðan,male
Nguyên Giang,Nguyên Giang,nguyengiang,male
Nguyên Giáp,Nguyên Giáp,nguyengiap,male
Nguyễn Hải An,Nguyễn Hải An,nguyenhaian,male
Nguyên Hạnh,Nguyên Hạnh,nguyenhanh,male
Nguyên Khang,Nguyên Khang,nguyenkhang,male
Nguyên Khôi,Nguyên Khôi,nguyenkhoi,male
Nguyên Lộc,Nguyên Lộc,nguyenloc,male
Nguyên Nhân,Nguyên Nhân,nguyennhan,male
Nguyên Phong,Nguyên Phong,nguyenphong,male
Nguyên Sử,Nguyên Sử,nguyensu,male
Nguyên Văn,Nguyên Văn,nguyenvan,male
Nhân Nguyên,Nhân Nguyên,nhannguyen,male
Nhân Sâm,Nhân Sâm,nhansam,male
Nhân Từ,Nhân Từ,nhantu,male
Nhân Văn,Nhân Văn,nhanvan,male
Nhật Bảo Long,Nhật Bảo Long,nhatbaolong,male
Nhật Dũng,Nhật Dũng,nhatdung,male
Nhật Duy,Nhật Duy,nhatduy,male
Nhật Hòa,Nhật Hòa,nhathoa,male
Nhật Hoàng,Nhật Hoàng,nhathoang,male
Nhật Hồng,Nhật Hồng,nhathong,male
Nhật Hùng,Nhật Hùng,nhathung,male
Nhật Huy,Nhật Huy,nhathuy,male
Nhật Khương,Nhật Khương,nhatkhuong,male
Nhật Minh,Nhật Minh,nhatminh,male
Nhật Nam,Nhật Nam,nhatnam,male
Nhật Quân,Nhật Quân,nhatquan,male
Nhật Quang,Nhật Quang,nhatquang,male
Nhật Quốc,Nhật Quốc,nhatquoc,male
Nhật Tấn,Nhật Tấn,nhattan,male
Nhật Thịnh,Nhật Thịnh,nhatthinh,male
Nhất Tiến,Nhất Tiến,nhattien,male
Nhật Tiến,Nhật Tiến,nhattien,male
Như Khang,Như Khang,nhukhang,male
Niệm Nhiên,Niệm Nhiên,niemnhien,male
Phi Cường,Phi Cường,phicuong,male
Phi Ðiệp,Phi Ðiệp,phiðiep,male
Phi Hải,Phi Hải,phihai,male
Phi Hoàng,Phi Hoàng,phihoang,male
Phi Hùng,Phi Hùng,phihung,male
Phi Long,Phi Long,philong,male
Phi Nhạn,Phi Nhạn,phinhan,male
Phong Châu,Phong Châu,phongchau,male
Phong Dinh,Phong Dinh,phongdinh,male
Phong Ðộ,Phong Ðộ,phongðo,male
Phú Ân,Phú Ân,phuan,male
Phú Bình,Phú Bình,phubinh,male
Phú Hải,Phú Hải,phuhai,male
Phú Hiệp,Phú Hiệp,phuhiep,male
Phú Hùng,Phú Hùng,phuhung,male
Phú Hưng,Phú Hưng,phuhung,male
Phú Thịnh,Phú Thịnh,phuthinh,male
Phú Thọ,Phú Thọ,phutho,male
Phú Thời,Phú Thời,phuthoi,male
Phúc Cường,Phúc Cường,phuccuong,male
Phúc Ðiền,Phúc Ðiền,phucðien,male
Phúc Duy,Phúc Duy,phucduy,male
Phúc Hòa,Phúc Hòa,phuchoa,male
Phúc Hưng,Phúc Hưng,phuchung,male
Phúc Khang,Phúc Khang,phuckhang,male
Phúc Lâm,Phúc Lâm,phuclam,male
Phục Lễ,Phục Lễ,phucle,male
Phúc Nguyên,Phúc Nguyên,phucnguyen,male
Phúc Sinh,Phúc Sinh,phucsinh,male
Phúc Tâm,Phúc Tâm,phuctam,male
Phúc Thịnh,Phúc Thịnh,phucthinh,male
Phụng Việt,Phụng Việt,phungviet,male
Phước An,Phước An,phuocan,male
Phước Lộc,Phước Lộc,phuocloc,male
Phước Nguyên,Phước Nguyên,phuocnguyen,male
Phước Nhân,Phước Nhân,phuocnhan,male
Phước Sơn,Phước Sơn,phuocson,male
Phước Thiện,Phước Thiện,phuocthien,male
Phượng Long,Phượng Long,phuonglong,male
Phương Nam,Phương Nam,phuongnam,male
Phương Phi,Phương Phi,phuongphi,male
Phương Thể,Phương Thể,phuongthe,male
Phương Trạch,Phương Trạch,phuongtrach,male
Phương Triều,Phương Triều,phuongtrieu,male
Quân Dương,Quân Dương,quanduong,male
Quang Anh,Quang Anh,quanganh,male
Quang Bửu,Quang Bửu,quangbuu,male
Quảng Ðại,Quảng Ðại,quangðai,male
Quang Danh,Quang Danh,quangdanh,male
Quang Ðạt,Quang Ðạt,quangðat,male
Quảng Ðạt,Quảng Ðạt,quangðat,male
Quang Ðức,Quang Ðức,quangðuc,male
Quang Dũng,Quang Dũng,quangdung,male
Quang Dương,Quang Dương,quangduong,male
Quang Hà,Quang Hà,quangha,male
Quang Hải,Quang Hải,quanghai,male
Quang Hòa,Quang Hòa,quanghoa,male
Quang Hùng,Quang Hùng,quanghung,male
Quang Hưng,Quang Hưng,quanghung,male
Quang Hữu,Quang Hữu,quanghuu,male
Quang Huy,Quang Huy,quanghuy,male
Quang Khải,Quang Khải,quangkhai,male
Quang Khanh,Quang Khanh,quangkhanh,male
Quang Lâm,Quang Lâm,quanglam,male
Quang Lân,Quang Lân,quanglan,male
Quang Linh,Quang Linh,quanglinh,male
Quang Lộc,Quang Lộc,quangloc,male
Quang Minh,Quang Minh,quangminh,male
Quang Nhân,Quang Nhân,quangnhan,male
Quang Nhật,Quang Nhật,quangnhat,male
Quang Ninh,Quang Ninh,quangninh,male
Quang Sáng,Quang Sáng,quangsang,male
Quang Tài,Quang Tài,quangtai,male
Quang Thạch,Quang Thạch,quangthach,male
Quang Thái,Quang Thái,quangthai,male
Quang Thắng,Quang Thắng,quangthang,male
Quang Thiên,Quang Thiên,quangthien,male
Quang Thịnh,Quang Thịnh,quangthinh,male
Quảng Thông,Quảng Thông,quangthong,male
Quang Thuận,Quang Thuận,quangthuan,male
Quang Triều,Quang Triều,quangtrieu,male
Quang Triệu,Quang Triệu,quangtrieu,male
Quang Trọng,Quang Trọng,quangtrong,male
Quang Trung,Quang Trung,quangtrung,male
Quang Trường,Quang Trường,quangtruong,male
Quang Tú,Quang Tú,quangtu,male
Quang Tuấn,Quang Tuấn,quangtuan,male
Quang Vinh,Quang Vinh,quangvinh,male
Quang Vũ,Quang Vũ,quangvu,male
Quang Xuân,Quang Xuân,quangxuan,male
Quốc Anh,Quốc Anh,quocanh,male
Quốc Bảo,Quốc Bảo,quocbao,male
Quốc Bình,Quốc Bình,quocbinh,male
Quốc Ðại,Quốc Ðại,quocðai,male
Quốc Ðiền,Quốc Ðiền,quocðien,male
Quốc Hải,Quốc Hải,quochai,male
Quốc Hạnh,Quốc Hạnh,quochanh,male
Quốc Hiền,Quốc Hiền,quochien,male
Quốc Hiển,Quốc Hiển,quochien,male
Quốc Hòa,Quốc Hòa,quochoa,male
Quốc Hoài,Quốc Hoài,quochoai,male
Quốc Hoàng,Quốc Hoàng,quochoang,male
Quốc Hùng,Quốc Hùng,quochung,male
Quốc Hưng,Quốc Hưng,quochung,male
Quốc Huy,Quốc Huy,quochuy,male
Quốc Khánh,Quốc Khánh,quockhanh,male
Quốc Mạnh,Quốc Mạnh,quocmanh,male
Quốc Minh,Quốc Minh,quocminh,male
Quốc Mỹ,Quốc Mỹ,quocmy,male
Quốc Phong,Quốc Phong,quocphong,male
Quốc Phương,Quốc Phương,quocphuong,male
Quốc Quân,Quốc Quân,quocquan,male
Quốc Quang,Quốc Quang,quocquang,male
Quốc Quý,Quốc Quý,quocquy,male
Quốc Thắng,Quốc Thắng,quocthang,male
Quốc Thành,Quốc Thành,quocthanh,male
Quốc Thiện,Quốc Thiện,quocthien,male
Quốc Thịnh,Quốc Thịnh,quocthinh,male
Quốc Thông,Quốc Thông,quocthong,male
Quốc Tiến,Quốc Tiến,quoctien,male
Quốc Toản,Quốc Toản,quoctoan,male
Quốc Trụ,Quốc Trụ,quoctru,male
Quốc Trung,Quốc Trung,quoctrung,male
Quốc Trường,Quốc Trường,quoctruong,male
Quốc Tuấn,Quốc Tuấn,quoctuan,male
Quốc Văn,Quốc Văn,quocvan,male
Quốc Việt,Quốc Việt,quocviet,male
Quốc Vinh,Quốc Vinh,quocvinh,male
Quốc Vũ,Quốc Vũ,quocvu,male
Quý Khánh,Quý Khánh,quykhanh,male
Quý Vĩnh,Quý Vĩnh,quyvinh,male
Quyết Thắng,Quyết Thắng,quyetthang,male
Sĩ Hoàng,Sĩ Hoàng,sihoang,male
Sơn Dương,Sơn Dương,sonduong,male
Sơn Giang,Sơn Giang,songiang,male
Sơn Hà,Sơn Hà,sonha,male
Sơn Hải,Sơn Hải,sonhai,male
Sơn Lâm,Sơn Lâm,sonlam,male
Sơn Quân,Sơn Quân,sonquan,male
Sơn Quyền,Sơn Quyền,sonquyen,male
Sơn Trang,Sơn Trang,sontrang,male
Sơn Tùng,Sơn Tùng,sontung,male
Song Lam,Song Lam,songlam,male
Sỹ Ðan,Sỹ Ðan,syðan,male
Sỹ Hoàng,Sỹ Hoàng,syhoang,male
Sỹ Phú,Sỹ Phú,syphu,male
Sỹ Thực,Sỹ Thực,sythuc,male
Tạ Hiền,Tạ Hiền,tahien,male
Tài Ðức,Tài Ðức,taiðuc,male
Tài Nguyên,Tài Nguyên,tainguyen,male
Tâm Thiện,Tâm Thiện,tamthien,male
Tân Bình,Tân Bình,tanbinh,male
Tân Ðịnh,Tân Ðịnh,tanðinh,male
Tấn Dũng,Tấn Dũng,tandung,male
Tấn Khang,Tấn Khang,tankhang,male
Tấn Lợi,Tấn Lợi,tanloi,male
Tân Long,Tân Long,tanlong,male
Tấn Nam,Tấn Nam,tannam,male
Tấn Phát,Tấn Phát,tanphat,male
Tân Phước,Tân Phước,tanphuoc,male
Tấn Sinh,Tấn Sinh,tansinh,male
Tấn Tài,Tấn Tài,tantai,male
Tân Thành,Tân Thành,tanthanh,male
Tấn Thành,Tấn Thành,tanthanh,male
Tấn Trình,Tấn Trình,tantrinh,male
Tấn Trương,Tấn Trương,tantruong,male
Tất Bình,Tất Bình,tatbinh,male
Tất Hiếu,Tất Hiếu,tathieu,male
Tất Hòa,Tất Hòa,tathoa,male
Thạch Sơn,Thạch Sơn,thachson,male
Thạch Tùng,Thạch Tùng,thachtung,male
Thái Bình,Thái Bình,thaibinh,male
Thái Ðức,Thái Ðức,thaiðuc,male
Thái Dương,Thái Dương,thaiduong,male
Thái Duy,Thái Duy,thaiduy,male
Thái Hòa,Thái Hòa,thaihoa,male
Thái Minh,Thái Minh,thaiminh,male
Thái Nguyên,Thái Nguyên,thainguyen,male
Thái San,Thái San,thaisan,male
Thái Sang,Thái Sang,thaisang,male
Thái Sơn,Thái Sơn,thaison,male
Thái Tân,Thái Tân,thaitan,male
Thái Tổ,Thái Tổ,thaito,male
Thắng Cảnh,Thắng Cảnh,thangcanh,male
Thắng Lợi,Thắng Lợi,thangloi,male
Thăng Long,Thăng Long,thanglong,male
Thành An,Thành An,thanhan,male
Thành Ân,Thành Ân,thanhan,male
Thành Châu,Thành Châu,thanhchau,male
Thành Công,Thành Công,thanhcong,male
Thành Danh,Thành Danh,thanhdanh,male
Thanh Ðạo,Thanh Ðạo,thanhðao,male
Thành Ðạt,Thành Ðạt,thanhðat,male
Thành Ðệ,Thành Ðệ,thanhðe,male
Thanh Ðoàn,Thanh Ðoàn,thanhðoan,male
Thành Doanh,Thành Doanh,thanhdoanh,male
Thanh Hải,Thanh Hải,thanhhai,male
Thanh Hào,Thanh Hào,thanhhao,male
Thanh Hậu,Thanh Hậu,thanhhau,male
Thành Hòa,Thành Hòa,thanhhoa,male
Thanh Huy,Thanh Huy,thanhhuy,male
Thành Khiêm,Thành Khiêm,thanhkhiem,male
Thanh Kiên,Thanh Kiên,thanhkien,male
Thanh Liêm,Thanh Liêm,thanhliem,male
Thành Lợi,Thành Lợi,thanhloi,male
Thanh Long,Thanh Long,thanhlong,male
Thành Long,Thành Long,thanhlong,male
Thanh Minh,Thanh Minh,thanhminh,male
Thành Nguyên,Thành Nguyên,thanhnguyen,male
Thành Nhân,Thành Nhân,thanhnhan,male
Thanh Phi,Thanh Phi,thanhphi,male
Thanh Phong,Thanh Phong,thanhphong,male
Thành Phương,Thành Phương,thanhphuong,male
Thanh Quang,Thanh Quang,thanhquang,male
Thành Sang,Thành Sang,thanhsang,male
Thanh Sơn,Thanh Sơn,thanhson,male
Thanh Thế,Thanh Thế,thanhthe,male
Thanh Thiên,Thanh Thiên,thanhthien,male
Thành Thiện,Thành Thiện,thanhthien,male
Thanh Thuận,Thanh Thuận,thanhthuan,male
Thành Tín,Thành Tín,thanhtin,male
Thanh Tịnh,Thanh Tịnh,thanhtinh,male
Thanh Toàn,Thanh Toàn,thanhtoan,male
Thanh Toản,Thanh Toản,thanhtoan,male
Thanh Trung,Thanh Trung,thanhtrung,male
Thành Trung,Thành Trung,thanhtrung,male
Thanh Tú,Thanh Tú,thanhtu,male
Thanh Tuấn,Thanh Tuấn,thanhtuan,male
Thanh Tùng,Thanh Tùng,thanhtung,male
Thanh Việt,Thanh Việt,thanhviet,male
Thanh Vinh,Thanh Vinh,thanhvinh,male
Thành Vinh,Thành Vinh,thanhvinh,male
Thanh Vũ,Thanh Vũ,thanhvu,male
Thành Ý,Thành Ý,thanhy,male
Thất Cương,Thất Cương,thatcuong,male
Thất Dũng,Thất Dũng,thatdung,male
Thất Thọ,Thất Thọ,thattho,male
Thế An,Thế An,thean,male
Thế Anh,Thế Anh,theanh,male
Thế Bình,Thế Bình,thebinh,male
Thế Dân,Thế Dân,thedan,male
Thế Doanh,Thế Doanh,thedoanh,male
Thế Dũng,Thế Dũng,thedung,male
Thế Duyệt,Thế Duyệt,theduyet,male
Thế Huấn,Thế Huấn,thehuan,male
Thế Hùng,Thế Hùng,thehung,male
Thế Lâm,Thế Lâm,thelam,male
Thế Lực,Thế Lực,theluc,male
Thế Minh,Thế Minh,theminh,male
Thế Năng,Thế Năng,thenang,male
Thế Phúc,Thế Phúc,thephuc,male
Thế Phương,Thế Phương,thephuong,male
Thế Quyền,Thế Quyền,thequyen,male
Thế Sơn,Thế Sơn,theson,male
Thế Trung,Thế Trung,thetrung,male
Thế Tường,Thế Tường,thetuong,male
Thế Vinh,Thế Vinh,thevinh,male
Thiên An,Thiên An,thienan,male
Thiên Ân,Thiên Ân,thienan,male
Thiện Ân,Thiện Ân,thienan,male
Thiên Bửu,Thiên Bửu,thienbuu,male
Thiên Ðức,Thiên Ðức,thienðuc,male
Thiện Ðức,Thiện Ðức,thienðuc,male
Thiện Dũng,Thiện Dũng,thiendung,male
Thiện Giang,Thiện Giang,thiengiang,male
Thiên Hưng,Thiên Hưng,thienhung,male
Thiện Khiêm,Thiện Khiêm,thienkhiem,male
Thiên Lạc,Thiên Lạc,thienlac,male
Thiện Luân,Thiện Luân,thienluan,male
Thiên Lương,Thiên Lương,thienluong,male
Thiện Lương,Thiện Lương,thienluong,male
Thiên Mạnh,Thiên Mạnh,thienmanh,male
Thiện Minh,Thiện Minh,thienminh,male
Thiện Ngôn,Thiện Ngôn,thienngon,male
Thiên Phú,Thiên Phú,thienphu,male
Thiện Phước,Thiện Phước,thienphuoc,male
Thiện Sinh,Thiện Sinh,thiensinh,male
Thiện Tâm,Thiện Tâm,thientam,male
Thiện Thanh,Thiện Thanh,thienthanh,male
Thiện Tính,Thiện Tính,thientinh,male
Thiên Trí,Thiên Trí,thientri,male
Thiếu Anh,Thiếu Anh,thieuanh,male
Thiệu Bảo,Thiệu Bảo,thieubao,male
Thiếu Cường,Thiếu Cường,thieucuong,male
Thịnh Cường,Thịnh Cường,thinhcuong,male
Thời Nhiệm,Thời Nhiệm,thoinhiem,male
Thông Ðạt,Thông Ðạt,thongðat,male
Thông Minh,Thông Minh,thongminh,male
Thống Nhất,Thống Nhất,thongnhat,male
Thông Tuệ,Thông Tuệ,thongtue,male
Thụ Nhân,Thụ Nhân,thunhan,male
Thu Sinh,Thu Sinh,thusinh,male
Thuận Anh,Thuận Anh,thuananh,male
Thuận Hòa,Thuận Hòa,thuanhoa,male
Thuận Phong,Thuận Phong,thuanphong,male
Thuận Phương,Thuận Phương,thuanphuong,male
Thuận Thành,Thuận Thành,thuanthanh,male
Thuận Toàn,Thuận Toàn,thuantoan,male
Thượng Cường,Thượng Cường,thuongcuong,male
Thượng Khang,Thượng Khang,thuongkhang,male
Thường Kiệt,Thường Kiệt,thuongkiet,male
Thượng Liệt,Thượng Liệt,thuongliet,male
Thượng Năng,Thượng Năng,thuongnang,male
Thượng Nghị,Thượng Nghị,thuongnghi,male
Thượng Thuật,Thượng Thuật,thuongthuat,male
Thường Xuân,Thường Xuân,thuongxuan,male
Thụy Du,Thụy Du,thuydu,male
Thụy Long,Thụy Long,thuylong,male
Thụy Miên,Thụy Miên,thuymien,male
Thụy Vũ,Thụy Vũ,thuyvu,male
Tích Ðức,Tích Ðức,tichðuc,male
Tích Thiện,Tích Thiện,tichthien,male
Tiến Ðức,Tiến Ðức,tienðuc,male
Tiến Dũng,Tiến Dũng,tiendung,male
Tiền Giang,Tiền Giang,tiengiang,male
Tiến Hiệp,Tiến Hiệp,tienhiep,male
Tiến Hoạt,Tiến Hoạt,tienhoat,male
Tiến Võ,Tiến Võ,tienvo,male
Tiểu Bảo,Tiểu Bảo,tieubao,male
Toàn Thắng,Toàn Thắng,toanthang,male
Tôn Lễ,Tôn Lễ,tonle,male
Trí Dũng,Trí Dũng,tridung,male
Trí Hào,Trí Hào,trihao,male
Trí Hùng,Trí Hùng,trihung,male
Trí Hữu,Trí Hữu,trihuu,male
Trí Liên,Trí Liên,trilien,male
Trí Minh,Trí Minh,triminh,male
Trí Thắng,Trí Thắng,trithang,male
Trí Tịnh,Trí Tịnh,tritinh,male
Triển Sinh,Triển Sinh,triensinh,male
Triệu Thái,Triệu Thái,trieuthai,male
Triều Thành,Triều Thành,trieuthanh,male
Trọng Chính,Trọng Chính,trongchinh,male
Trọng Dũng,Trọng Dũng,trongdung,male
Trọng Duy,Trọng Duy,trongduy,male
Trọng Hà,Trọng Hà,trongha,male
Trọng Hiếu,Trọng Hiếu,tronghieu,male
Trọng Hùng,Trọng Hùng,tronghung,male
Trọng Khánh,Trọng Khánh,trongkhanh,male
Trọng Kiên,Trọng Kiên,trongkien,male
Trọng Nghĩa,Trọng Nghĩa,trongnghia,male
Trọng Nhân,Trọng Nhân,trongnhan,male
Trọng Tấn,Trọng Tấn,trongtan,male
Trọng Trí,Trọng Trí,trongtri,male
Trọng Tường,Trọng Tường,trongtuong,male
Trọng Việt,Trọng Việt,trongviet,male
Trọng Vinh,Trọng Vinh,trongvinh,male
Trúc Cương,Trúc Cương,truccuong,male
Trúc Sinh,Trúc Sinh,trucsinh,male
Trung Anh,Trung Anh,trunganh,male
Trung Chính,Trung Chính,trungchinh,male
Trung Chuyên,Trung Chuyên,trungchuyen,male
Trung Ðức,Trung Ðức,trungðuc,male
Trung Dũng,Trung Dũng,trungdung,male
Trung Hải,Trung Hải,trunghai,male
Trung Hiếu,Trung Hiếu,trunghieu,male
Trung Kiên,Trung Kiên,trungkien,male
Trung Lực,Trung Lực,trungluc,male
Trung Nghĩa,Trung Nghĩa,trungnghia,male
Trung Nguyên,Trung Nguyên,trungnguyen,male
Trung Nhân,Trung Nhân,trungnhan,male
Trung Thành,Trung Thành,trungthanh,male
Trung Thực,Trung Thực,trungthuc,male
Trung Việt,Trung Việt,trungviet,male
Trường An,Trường An,truongan,male
Trường Chinh,Trường Chinh,truongchinh,male
Trường Giang,Trường Giang,truonggiang,male
Trường Hiệp,Trường Hiệp,truonghiep,male
Trường Kỳ,Trường Kỳ,truongky,male
Trường Liên,Trường Liên,truonglien,male
Trường Long,Trường Long,truonglong,male
Trường Nam,Trường Nam,truongnam,male
Trường Nhân,Trường Nhân,truongnhan,male
Trường Phát,Trường Phát,truongphat,male
Trường Phu,Trường Phu,truongphu,male
Trường Phúc,Trường Phúc,truongphuc,male
Trường Sa,Trường Sa,truongsa,male
Trường Sinh,Trường Sinh,truongsinh,male
Trường Sơn,Trường Sơn,truongson,male
Trường Thành,Trường Thành,truongthanh,male
Trường Vinh,Trường Vinh,truongvinh,male
Trường Vũ,Trường Vũ,truongvu,male
Từ Ðông,Từ Ðông,tuðong,male
Tuấn Anh,Tuấn Anh,tuananh,male
Tuấn Châu,Tuấn Châu,tuanchau,male
Tuấn Chương,Tuấn Chương,tuanchuong,male
Tuấn Ðức,Tuấn Ðức,tuanðuc,male
Tuấn Dũng,Tuấn Dũng,tuandung,male
Tuấn Hải,Tuấn Hải,tuanhai,male
Tuấn Hoàng,Tuấn Hoàng,tuanhoang,male
Tuấn Hùng,Tuấn Hùng,tuanhung,male
Tuấn Khải,Tuấn Khải,tuankhai,male
Tuấn Khanh,Tuấn Khanh,tuankhanh,male
Tuấn Khoan,Tuấn Khoan,tuankhoan,male
Tuấn Kiệt,Tuấn Kiệt,tuankiet,male
Tuấn Linh,Tuấn Linh,tuanlinh,male
Tuấn Long,Tuấn Long,tuanlong,male
Tuấn Minh,Tuấn Minh,tuanminh,male
Tuấn Ngọc,Tuấn Ngọc,tuanngoc,male
Tuấn Sĩ,Tuấn Sĩ,tuansi,male
Tuấn Sỹ,Tuấn Sỹ,tuansy,male
Tuấn Tài,Tuấn Tài,tuantai,male
Tuấn Thành,Tuấn Thành,tuanthanh,male
Tuấn Trung,Tuấn Trung,tuantrung,male
Tuấn Tú,Tuấn Tú,tuantu,male
Tuấn Việt,Tuấn Việt,tuanviet,male
Tùng Anh,Tùng Anh,tunganh,male
Tùng Châu,Tùng Châu,tungchau,male
Tùng Lâm,Tùng Lâm,tunglam,male
Tùng Linh,Tùng Linh,tunglinh,male
Tùng Minh,Tùng Minh,tungminh,male
Tùng Quang,Tùng Quang,tungquang,male
Tường Anh,Tường Anh,tuonganh,male
Tường Lâm,Tường Lâm,tuonglam,male
Tường Lân,Tường Lân,tuonglan,male
Tường Lĩnh,Tường Lĩnh,tuonglinh,male
Tường Minh,Tường Minh,tuongminh,male
Tường Nguyên,Tường Nguyên,tuongnguyen,male
Tường Phát,Tường Phát,tuongphat,male
Tường Vinh,Tường Vinh,tuongvinh,male
Tuyền Lâm,Tuyền Lâm,tuyenlam,male
Uy Phong,Uy Phong,uyphong,male
Uy Vũ,Uy Vũ,uyvu,male
Vạn Hạnh,Vạn Hạnh,vanhanh,male
Vạn Lý,Vạn Lý,vanly,male
Văn Minh,Văn Minh,vanminh,male
Vân Sơn,Vân Sơn,vanson,male
Vạn Thắng,Vạn Thắng,vanthang,male
Vạn Thông,Vạn Thông,vanthong,male
Văn Tuyển,Văn Tuyển,vantuyen,male
Viễn Cảnh,Viễn Cảnh,viencanh,male
Viễn Ðông,Viễn Ðông,vienðong,male
Viễn Phương,Viễn Phương,vienphuong,male
Viễn Thông,Viễn Thông,vienthong,male
Việt An,Việt An,vietan,male
Việt Anh,Việt Anh,vietanh,male
Việt Chính,Việt Chính,vietchinh,male
Việt Cương,Việt Cương,vietcuong,male
Việt Cường,Việt Cường,vietcuong,male
Việt Dũng,Việt Dũng,vietdung,male
Việt Dương,Việt Dương,vietduong,male
Việt Duy,Việt Duy,vietduy,male
Việt Hải,Việt Hải,viethai,male
Việt Hoàng,Việt Hoàng,viethoang,male
Việt Hồng,Việt Hồng,viethong,male
Việt Hùng,Việt Hùng,viethung,male
Việt Huy,Việt Huy,viethuy,male
Việt Khải,Việt Khải,vietkhai,male
Việt Khang,Việt Khang,vietkhang,male
Việt Khoa,Việt Khoa,vietkhoa,male
Việt Khôi,Việt Khôi,vietkhoi,male
Việt Long,Việt Long,vietlong,male
Việt Ngọc,Việt Ngọc,vietngoc,male
Viết Nhân,Viết Nhân,vietnhan,male
Việt Nhân,Việt Nhân,vietnhan,male
Việt Phong,Việt Phong,vietphong,male
Việt Phương,Việt Phương,vietphuong,male
Việt Quốc,Việt Quốc,vietquoc,male
Việt Quyết,Việt Quyết,vietquyet,male
Viết Sơn,Viết Sơn,vietson,male
Việt Sơn,Việt Sơn,vietson,male
Viết Tân,Viết Tân,viettan,male
Việt Thái,Việt Thái,vietthai,male
Việt Thắng,Việt Thắng,vietthang,male
Việt Thanh,Việt Thanh,vietthanh,male
Việt Thông,Việt Thông,vietthong,male
Việt Thương,Việt Thương,vietthuong,male
Việt Tiến,Việt Tiến,viettien,male
Việt Võ,Việt Võ,vietvo,male
Vĩnh Ân,Vĩnh Ân,vinhan,male
Vinh Diệu,Vinh Diệu,vinhdieu,male
Vĩnh Hải,Vĩnh Hải,vinhhai,male
Vĩnh Hưng,Vĩnh Hưng,vinhhung,male
Vĩnh Long,Vĩnh Long,vinhlong,male
Vĩnh Luân,Vĩnh Luân,vinhluan,male
Vinh Quốc,Vinh Quốc,vinhquoc,male
Vĩnh Thọ,Vĩnh Thọ,vinhtho,male
Vĩnh Thụy,Vĩnh Thụy,vinhthuy,male
Vĩnh Toàn,Vĩnh Toàn,vinhtoan,male
Vũ Anh,Vũ Anh,vuanh,male
Vũ Minh,Vũ Minh,vuminh,male
Vương Gia,Vương Gia,vuonggia,male
Vương Triều,Vương Triều,vuongtrieu,male
Vương Triệu,Vương Triệu,vuongtrieu,male
Vương Việt,Vương Việt,vuongviet,male
Xuân An,Xuân An,xuanan,male
Xuân Bình,Xuân Bình,xuanbinh,male
Xuân Cao,Xuân Cao,xuancao,male
Xuân Cung,Xuân Cung,xuancung,male
Xuân Hàm,Xuân Hàm,xuanham,male
Xuân Hãn,Xuân Hãn,xuanhan,male
Xuân Hiếu,Xuân Hiếu,xuanhieu,male
Xuân Hòa,Xuân Hòa,xuanhoa,male
Xuân Huy,Xuân Huy,xuanhuy,male
Xuân Khoa,Xuân Khoa,xuankhoa,male
Xuân Kiên,Xuân Kiên,xuankien,male
Xuân Lạc,Xuân Lạc,xuanlac,male
Xuân Lộc,Xuân Lộc,xuanloc,male
Xuân Minh,Xuân Minh,xuanminh,male
Xuân Nam,Xuân Nam,xuannam,male
Xuân Ninh,Xuân Ninh,xuanninh,male
Xuân Phúc,Xuân Phúc,xuanphuc,male
Xuân Quân,Xuân Quân,xuanquan,male
Xuân Quý,Xuân Quý,xuanquy,male
Xuân Sơn,Xuân Sơn,xuanson,male
Xuân Thái,Xuân Thái,xuanthai,male
Xuân Thiện,Xuân Thiện,xuanthien,male
Xuân Thuyết,Xuân Thuyết,xuanthuyet,male
Xuân Trung,Xuân Trung,xuantrung,male
Xuân Trường,Xuân Trường,xuantruong,male
Xuân Tường,Xuân Tường,xuantuong,male
Xuân Vũ,Xuân Vũ,xuanvu,male
Yên Bằng,Yên Bằng,yenbang,male
Yên Bình,Yên Bình,yenbinh,male
Yên Sơn,Yên Sơn,yenson,male
Phương Chi,Phương Chi,phuongchi,female
An Bình,An Bình,anbinh,female
An Di,An Di,andi,female
An Hạ,An Hạ,anha,female
An Hằng,An Hằng,anhang,female
An Khê,An Khê,ankhe,female
An Nhiên,An Nhiên,annhien,female
An Nhàn,An Nhàn,annhan,female
Anh Chi,Anh Chi,anhchi,female
Anh Hương,Anh Hương,anhhuong,female
Anh Mai,Anh Mai,anhmai,female
Anh Phương,Anh Phương,anhphuong,female
Anh Thi,Anh Thi,anhthi,female
Anh Thy,Anh Thy,anhthy,female
Anh Thơ,Anh Thơ,anhtho,female
Anh Thư,Anh Thư,anhthu,female
Anh Thảo,Anh Thảo,anhthao,female
Anh Vũ,Anh Vũ,anhvu,female
Anh Ðào,Anh Ðào,anhðao,female
Ban Mai,Ban Mai,banmai,female
Bình Minh,Bình Minh,binhminh,female
Bình Yên,Bình Yên,binhyen,female
Bích Chiêu,Bích Chiêu,bichchieu,female
Bích Châu,Bích Châu,bichchau,female
Bích Duyên,Bích Duyên,bichduyen,female
Bích Hiền,Bích Hiền,bichhien,female
Bích Huệ,Bích Huệ,bichhue,female
Bích Hà,Bích Hà,bichha,female
Bích Hạnh,Bích Hạnh,bichhanh,female
Bích Hải,Bích Hải,bichhai,female
Bích Hảo,Bích Hảo,bichhao,female
Bích Hậu,Bích Hậu,bichhau,female
Bích Hằng,Bích Hằng,bichhang,female
Bích Hồng,Bích Hồng,bichhong,female
Bích Hợp,Bích Hợp,bichhop,female
Bích Lam,Bích Lam,bichlam,female
Bích Liên,Bích Liên,bichlien,female
Bích Loan,Bích Loan,bichloan,female
Bích Nga,Bích Nga,bichnga,female
Bích Ngà,Bích Ngà,bichnga,female
Bích Ngân,Bích Ngân,bichngan,female
Bích Ngọc,Bích Ngọc,bichngoc,female
Bích Như,Bích Như,bichnhu,female
Bích Phượng,Bích Phượng,bichphuong,female
Bích Quyên,Bích Quyên,bichquyen,female
Bích Quân,Bích Quân,bichquan,female
Bích San,Bích San,bichsan,female
Bích Thoa,Bích Thoa,bichthoa,female
Bích Thu,Bích Thu,bichthu,female
Bích Thảo,Bích Thảo,bichthao,female
Bích Thủy,Bích Thủy,bichthuy,female
Bích Trang,Bích Trang,bichtrang,female
Bích Trâm,Bích Trâm,bichtram,female
Bích Ty,Bích Ty,bichty,female
Bích Vân,Bích Vân,bichvan,female
Bích Ðiệp,Bích Ðiệp,bichðiep,female
Bích Ðào,Bích Ðào,bichðao,female
Băng Băng,Băng Băng,bangbang,female
Băng Tâm,Băng Tâm,bangtam,female
Bạch Cúc,Bạch Cúc,bachcuc,female
Bạch Hoa,Bạch Hoa,bachhoa,female
Bạch Kim,Bạch Kim,bachkim,female
Bạch Liên,Bạch Liên,bachlien,female
Bạch Loan,Bạch Loan,bachloan,female
Bạch Mai,Bạch Mai,bachmai,female
Bạch Quỳnh,Bạch Quỳnh,bachquynh,female
Bạch Trà,Bạch Trà,bachtra,female
Bạch Tuyết,Bạch Tuyết,bachtuyet,female
Bạch Vân,Bạch Vân,bachvan,female
Bạch Yến,Bạch Yến,bachyen,female
Bảo Anh,Bảo Anh,baoanh,female
Bảo Bình,Bảo Bình,baobinh,female
Bảo Châu,Bảo Châu,baochau,female
Bảo Huệ,Bảo Huệ,baohue,female
Bảo Hà,Bảo Hà,baoha,female
Bảo Hân,Bảo Hân,baohan,female
Bảo Lan,Bảo Lan,baolan,female
Bảo Lễ,Bảo Lễ,baole,female
Bảo Ngọc,Bảo Ngọc,baongoc,female
Bảo Phương,Bảo Phương,baophuong,female
Bảo Quyên,Bảo Quyên,baoquyen,female
Bảo Quỳnh,Bảo Quỳnh,baoquynh,female
Bảo Thoa,Bảo Thoa,baothoa,female
Bảo Thúy,Bảo Thúy,baothuy,female
Bảo Tiên,Bảo Tiên,baotien,female
Bảo Trâm,Bảo Trâm,baotram,female
Bảo Trân,Bảo Trân,baotran,female
Bảo Trúc,Bảo Trúc,baotruc,female
Bảo Uyên,Bảo Uyên,baouyen,female
Bảo Vy,Bảo Vy,baovy,female
Bảo Vân,Bảo Vân,baovan,female
Bội Linh,Bội Linh,boilinh,female
Cam Thảo,Cam Thảo,camthao,female
Chi Lan,Chi Lan,chilan,female
Chi Mai,Chi Mai,chimai,female
Chiêu Dương,Chiêu Dương,chieuduong,female
Cát Cát,Cát Cát,catcat,female
Cát Linh,Cát Linh,catlinh,female
Cát Ly,Cát Ly,catly,female
Cát Tiên,Cát Tiên,cattien,female
Cát Tường,Cát Tường,cattuong,female
Cẩm Hiền,Cẩm Hiền,camhien,female
Cẩm Hường,Cẩm Hường,camhuong,female
Cẩm Hạnh,Cẩm Hạnh,camhanh,female
Cẩm Linh,Cẩm Linh,camlinh,female
Cẩm Liên,Cẩm Liên,camlien,female
Cẩm Ly,Cẩm Ly,camly,female
Cẩm Nhi,Cẩm Nhi,camnhi,female
Cẩm Nhung,Cẩm Nhung,camnhung,female
Cẩm Thúy,Cẩm Thúy,camthuy,female
Cẩm Tú,Cẩm Tú,camtu,female
Cẩm Vân,Cẩm Vân,camvan,female
Cẩm Yến,Cẩm Yến,camyen,female
Di Nhiên,Di Nhiên,dinhien,female
Diên Vỹ,Diên Vỹ,dienvy,female
Diễm Chi,Diễm Chi,diemchi,female
Diễm Châu,Diễm Châu,diemchau,female
Diễm Hương,Diễm Hương,diemhuong,female
Diễm Hạnh,Diễm Hạnh,diemhanh,female
Diễm Hằng,Diễm Hằng,diemhang,female
Diễm Khuê,Diễm Khuê,diemkhue,female
Diễm Kiều,Diễm Kiều,diemkieu,female
Diễm Liên,Diễm Liên,diemlien,female
Diễm Lộc,Diễm Lộc,diemloc,female
Diễm My,Diễm My,diemmy,female
Diễm Phúc,Diễm Phúc,diemphuc,female
Diễm Phương,Diễm Phương,diemphuong,female
Diễm Phước,Diễm Phước,diemphuoc,female
Diễm Phượng,Diễm Phượng,diemphuong,female
Diễm Quyên,Diễm Quyên,diemquyen,female
Diễm Quỳnh,Diễm Quỳnh,diemquynh,female
Diễm Thúy,Diễm Thúy,diemthuy,female
Diễm Thư,Diễm Thư,diemthu,female
Diễm Thảo,Diễm Thảo,diemthao,female
Diễm Trang,Diễm Trang,diemtrang,female
Diễm Trinh,Diễm Trinh,diemtrinh,female
Diễm Uyên,Diễm Uyên,diemuyen,female
Diệp Anh,Diệp Anh,diepanh,female
Diệp Vy,Diệp Vy,diepvy,female
Diệu Anh,Diệu Anh,dieuanh,female
Diệu Hiền,Diệu Hiền,dieuhien,female
Diệu Hoa,Diệu Hoa,dieuhoa,female
Diệu Huyền,Diệu Huyền,dieuhuyen,female
Diệu Hương,Diệu Hương,dieuhuong,female
Diệu Hạnh,Diệu Hạnh,dieuhanh,female
Diệu Hằng,Diệu Hằng,dieuhang,female
Diệu Hồng,Diệu Hồng,dieuhong,female
Diệu Lan,Diệu Lan,dieulan,female
Diệu Linh,Diệu Linh,dieulinh,female
Diệu Loan,Diệu Loan,dieuloan,female
Diệu Nga,Diệu Nga,dieunga,female
Diệu Ngà,Diệu Ngà,dieunga,female
Diệu Ngọc,Diệu Ngọc,dieungoc,female
Diệu Nương,Diệu Nương,dieunuong,female
Diệu Thiện,Diệu Thiện,dieuthien,female
Diệu Thúy,Diệu Thúy,dieuthuy,female
Diệu Vân,Diệu Vân,dieuvan,female
Diệu Ái,Diệu Ái,dieuai,female
Duy Hạnh,Duy Hạnh,duyhanh,female
Duy Mỹ,Duy Mỹ,duymy,female
Duy Uyên,Duy Uyên,duyuyen,female
Duyên Hồng,Duyên Hồng,duyenhong,female
Duyên My,Duyên My,duyenmy,female
Duyên Mỹ,Duyên Mỹ,duyenmy,female
Duyên Nương,Duyên Nương,duyennuong,female
Dã Lan,Dã Lan,dalan,female
Dã Lâm,Dã Lâm,dalam,female
Dã Thảo,Dã Thảo,dathao,female
Dạ Hương,Dạ Hương,dahuong,female
Dạ Lan,Dạ Lan,dalan,female
Dạ Nguyệt,Dạ Nguyệt,danguyet,female
Dạ Thi,Dạ Thi,dathi,female
Dạ Thảo,Dạ Thảo,dathao,female
Dạ Yến,Dạ Yến,dayen,female
Gia Hân,Gia Hân,giahan,female
Gia Khanh,Gia Khanh,giakhanh,female
Gia Linh,Gia Linh,gialinh,female
Gia Nhi,Gia Nhi,gianhi,female
Gia Quỳnh,Gia Quỳnh,giaquynh,female
Giang Thanh,Giang Thanh,giangthanh,female
Giang Thiên,Giang Thiên,giangthien,female
Giao Hưởng,Giao Hưởng,giaohuong,female
Giao Kiều,Giao Kiều,giaokieu,female
Giao Linh,Giao Linh,giaolinh,female
Giáng Ngọc,Giáng Ngọc,giangngoc,female
Giáng Tiên,Giáng Tiên,giangtien,female
Giáng Uyên,Giáng Uyên,gianguyen,female
Hiếu Giang,Hiếu Giang,hieugiang,female
Hiếu Hạnh,Hiếu Hạnh,hieuhanh,female
Hiếu Khanh,Hiếu Khanh,hieukhanh,female
Hiếu Minh,Hiếu Minh,hieuminh,female
Hiền Chung,Hiền Chung,hienchung,female
Hiền Hòa,Hiền Hòa,hienhoa,female
Hiền Mai,Hiền Mai,hienmai,female
Hiền Nhi,Hiền Nhi,hiennhi,female
Hiền Nương,Hiền Nương,hiennuong,female
Hiền Thục,Hiền Thục,hienthuc,female
Hiểu Lam,Hiểu Lam,hieulam,female
Hiểu Vân,Hiểu Vân,hieuvan,female
Hoa Liên,Hoa Liên,hoalien,female
Hoa Lý,Hoa Lý,hoaly,female
Hoa Thiên,Hoa Thiên,hoathien,female
Hoa Tiên,Hoa Tiên,hoatien,female
Hoa Tranh,Hoa Tranh,hoatranh,female
Hoài An,Hoài An,hoaian,female
Hoài Giang,Hoài Giang,hoaigiang,female
Hoài Hương,Hoài Hương,hoaihuong,female
Hoài Phương,Hoài Phương,hoaiphuong,female
Hoài Thương,Hoài Thương,hoaithuong,female
Hoài Trang,Hoài Trang,hoaitrang,female
Hoài Vỹ,Hoài Vỹ,hoaivy,female
Hoàn Châu,Hoàn Châu,hoanchau,female
Hoàn Vi,Hoàn Vi,hoanvi,female
Hoàng Cúc,Hoàng Cúc,hoangcuc,female
Hoàng Hà,Hoàng Hà,hoangha,female
Hoàng Kim,Hoàng Kim,hoangkim,female
Hoàng Lan,Hoàng Lan,hoanglan,female
Hoàng Mai,Hoàng Mai,hoangmai,female
Hoàng Miên,Hoàng Miên,hoangmien,female
Hoàng Nguyên,Hoàng Nguyên,hoangnguyen,female
Hoàng Oanh,Hoàng Oanh,hoangoanh,female
Hoàng Sa,Hoàng Sa,hoangsa,female
Hoàng Thư,Hoàng Thư,hoangthu,female
Hoàng Xuân,Hoàng Xuân,hoangxuan,female
Hoàng Yến,Hoàng Yến,hoangyen,female
Hoạ Mi,Hoạ Mi,hoami,female
Huyền Anh,Huyền Anh,huyenanh,female
Huyền Diệu,Huyền Diệu,huyendieu,female
Huyền Linh,Huyền Linh,huyenlinh,female
Huyền Ngọc,Huyền Ngọc,huyenngoc,female
Huyền Nhi,Huyền Nhi,huyennhi,female
Huyền Thoại,Huyền Thoại,huyenthoai,female
Huyền Thư,Huyền Thư,huyenthu,female
Huyền Trang,Huyền Trang,huyentrang,female
Huyền Trâm,Huyền Trâm,huyentram,female
Huyền Trân,Huyền Trân,huyentran,female
Huệ An,Huệ An,huean,female
Huệ Hương,Huệ Hương,huehuong,female
Huệ Hồng,Huệ Hồng,huehong,female
Huệ Lan,Huệ Lan,huelan,female
Huệ Linh,Huệ Linh,huelinh,female
Huệ Lâm,Huệ Lâm,huelam,female
Huệ My,Huệ My,huemy,female
Huệ Phương,Huệ Phương,huephuong,female
Huệ Thương,Huệ Thương,huethuong,female
Huệ Ân,Huệ Ân,huean,female
Huỳnh Anh,Huỳnh Anh,huynhanh,female
Hà Giang,Hà Giang,hagiang,female
Hà Liên,Hà Liên,halien,female
Hà Mi,Hà Mi,hami,female
Hà My,Hà My,hamy,female
Hà Nhi,Hà Nhi,hanhi,female
Hà Phương,Hà Phương,haphuong,female
Hà Thanh,Hà Thanh,hathanh,female
Hà Tiên,Hà Tiên,hatien,female
Hàm Duyên,Hàm Duyên,hamduyen,female
Hàm Nghi,Hàm Nghi,hamnghi,female
Hàm Thơ,Hàm Thơ,hamtho,female
Hàm Ý,Hàm Ý,hamy,female
Hương Chi,Hương Chi,huongchi,female
Hương Giang,Hương Giang,huonggiang,female
Hương Lan,Hương Lan,huonglan,female
Hương Liên,Hương Liên,huonglien,female
Hương Ly,Hương Ly,huongly,female
Hương Lâm,Hương Lâm,huonglam,female
Hương Mai,Hương Mai,huongmai,female
Hương Nhi,Hương Nhi,huongnhi,female
Hương Thu,Hương Thu,huongthu,female
Hương Thảo,Hương Thảo,huongthao,female
Hương Thủy,Hương Thủy,huongthuy,female
Hương Tiên,Hương Tiên,huongtien,female
Hương Trang,Hương Trang,huongtrang,female
Hương Trà,Hương Trà,huongtra,female
Hương Xuân,Hương Xuân,huongxuan,female
Hướng Dương,Hướng Dương,huongduong,female
Hạ Băng,Hạ Băng,habang,female
Hạ Giang,Hạ Giang,hagiang,female
Hạ Phương,Hạ Phương,haphuong,female
Hạ Tiên,Hạ Tiên,hatien,female
Hạ Uyên,Hạ Uyên,hauyen,female
Hạ Vy,Hạ Vy,havy,female
Hạc Cúc,Hạc Cúc,haccuc,female
Hạnh Chi,Hạnh Chi,hanhchi,female
Hạnh Dung,Hạnh Dung,hanhdung,female
Hạnh Linh,Hạnh Linh,hanhlinh,female
Hạnh My,Hạnh My,hanhmy,female
Hạnh Nga,Hạnh Nga,hanhnga,female
Hạnh Nhơn,Hạnh Nhơn,hanhnhon,female
Hạnh Phương,Hạnh Phương,hanhphuong,female
Hạnh San,Hạnh San,hanhsan,female
Hạnh Thảo,Hạnh Thảo,hanhthao,female
Hạnh Trang,Hạnh Trang,hanhtrang,female
Hạnh Vi,Hạnh Vi,hanhvi,female
Hải Anh,Hải Anh,haianh,female
Hải Châu,Hải Châu,haichau,female
Hải Duyên,Hải Duyên,haiduyen,female
Hải Dương,Hải Dương,haiduong,female
Hải Miên,Hải Miên,haimien,female
Hải My,Hải My,haimy,female
Hải Mỹ,Hải Mỹ,haimy,female
Hải Ngân,Hải Ngân,haingan,female
Hải Nhi,Hải Nhi,hainhi,female
Hải Phương,Hải Phương,haiphuong,female
Hải Phượng,Hải Phượng,haiphuong,female
Hải San,Hải San,haisan,female
Hải Sinh,Hải Sinh,haisinh,female
Hải Thanh,Hải Thanh,haithanh,female
Hải Thảo,Hải Thảo,haithao,female
Hải Thụy,Hải Thụy,haithuy,female
Hải Uyên,Hải Uyên,haiuyen,female
Hải Vy,Hải Vy,haivy,female
Hải Vân,Hải Vân,haivan,female
Hải Yến,Hải Yến,haiyen,female
Hải Ân,Hải Ân,haian,female
Hải Ðường,Hải Ðường,haiðuong,female
Hảo Nhi,Hảo Nhi,haonhi,female
Hằng Anh,Hằng Anh,hanganh,female
Hằng Nga,Hằng Nga,hangnga,female
Họa Mi,Họa Mi,hoami,female
Hồ Diệp,Hồ Diệp,hodiep,female
Hồng Anh,Hồng Anh,honganh,female
Hồng Bạch Thảo,Hồng Bạch Thảo,hongbachthao,female
Hồng Châu,Hồng Châu,hongchau,female
Hồng Diễm,Hồng Diễm,hongdiem,female
Hồng Giang,Hồng Giang,honggiang,female
Hồng Hoa,Hồng Hoa,honghoa,female
Hồng Hà,Hồng Hà,hongha,female
Hồng Hạnh,Hồng Hạnh,honghanh,female
Hồng Khanh,Hồng Khanh,hongkhanh,female
Hồng Khuê,Hồng Khuê,hongkhue,female
Hồng Khôi,Hồng Khôi,hongkhoi,female
Hồng Linh,Hồng Linh,honglinh,female
Hồng Liên,Hồng Liên,honglien,female
Hồng Lâm,Hồng Lâm,honglam,female
Hồng Mai,Hồng Mai,hongmai,female
Hồng Nga,Hồng Nga,hongnga,female
Hồng Ngân,Hồng Ngân,hongngan,female
Hồng Ngọc,Hồng Ngọc,hongngoc,female
Hồng Nhung,Hồng Nhung,hongnhung,female
Hồng Như,Hồng Như,hongnhu,female
Hồng Nhạn,Hồng Nhạn,hongnhan,female
Hồng Oanh,Hồng Oanh,hongoanh,female
Hồng Phúc,Hồng Phúc,hongphuc,female
Hồng Phương,Hồng Phương,hongphuong,female
Hồng Quế,Hồng Quế,hongque,female
Hồng Thu,Hồng Thu,hongthu,female
Hồng Thúy,Hồng Thúy,hongthuy,female
Hồng Thư,Hồng Thư,hongthu,female
Hồng Thảo,Hồng Thảo,hongthao,female
Hồng Thắm,Hồng Thắm,hongtham,female
Hồng Thủy,Hồng Thủy,hongthuy,female
Hồng Trúc,Hồng Trúc,hongtruc,female
Hồng Tâm,Hồng Tâm,hongtam,female
Hồng Vân,Hồng Vân,hongvan,female
Hồng Xuân,Hồng Xuân,hongxuan,female
Hồng Ðiệp,Hồng Ðiệp,hongðiep,female
Hồng Ðào,Hồng Ðào,hongðao,female
Hồng Đăng,Hồng Đăng,hongdang,female
Khiết Linh,Khiết Linh,khietlinh,female
Khiết Tâm,Khiết Tâm,khiettam,female
Khuê Trung,Khuê Trung,khuetrung,female
Khánh Chi,Khánh Chi,khanhchi,female
Khánh Giang,Khánh Giang,khanhgiang,female
Khánh Giao,Khánh Giao,khanhgiao,female
Khánh Huyền,Khánh Huyền,khanhhuyen,female
Khánh Hà,Khánh Hà,khanhha,female
Khánh Hằng,Khánh Hằng,khanhhang,female
Khánh Linh,Khánh Linh,khanhlinh,female
Khánh Ly,Khánh Ly,khanhly,female
Khánh Mai,Khánh Mai,khanhmai,female
Khánh My,Khánh My,khanhmy,female
Khánh Ngân,Khánh Ngân,khanhngan,female
Khánh Ngọc,Khánh Ngọc,khanhngoc,female
Khánh Quyên,Khánh Quyên,khanhquyen,female
Khánh Quỳnh,Khánh Quỳnh,khanhquynh,female
Khánh Thủy,Khánh Thủy,khanhthuy,female
Khánh Trang,Khánh Trang,khanhtrang,female
Khánh Vi,Khánh Vi,khanhvi,female
Khánh Vy,Khánh Vy,khanhvy,female
Khánh Vân,Khánh Vân,khanhvan,female
Khúc Lan,Khúc Lan,khuclan,female
Khả Khanh,Khả Khanh,khakhanh,female
Khả Tú,Khả Tú,khatu,female
Khả Ái,Khả Ái,khaai,female
Khải Ca,Khải Ca,khaica,female
Khải Hà,Khải Hà,khaiha,female
Khải Tâm,Khải Tâm,khaitam,female
Kim Anh,Kim Anh,kimanh,female
Kim Chi,Kim Chi,kimchi,female
Kim Cương,Kim Cương,kimcuong,female
Kim Dung,Kim Dung,kimdung,female
Kim Duyên,Kim Duyên,kimduyen,female
Kim Hoa,Kim Hoa,kimhoa,female
Kim Hương,Kim Hương,kimhuong,female
Kim Khanh,Kim Khanh,kimkhanh,female
Kim Khuyên,Kim Khuyên,kimkhuyen,female
Kim Khánh,Kim Khánh,kimkhanh,female
Kim Lan,Kim Lan,kimlan,female
Kim Liên,Kim Liên,kimlien,female
Kim Loan,Kim Loan,kimloan,female
Kim Ly,Kim Ly,kimly,female
Kim Mai,Kim Mai,kimmai,female
Kim Ngân,Kim Ngân,kimngan,female
Kim Ngọc,Kim Ngọc,kimngoc,female
Kim Oanh,Kim Oanh,kimoanh,female
Kim Phượng,Kim Phượng,kimphuong,female
Kim Quyên,Kim Quyên,kimquyen,female
Kim Sa,Kim Sa,kimsa,female
Kim Thanh,Kim Thanh,kimthanh,female
Kim Thoa,Kim Thoa,kimthoa,female
Kim Thu,Kim Thu,kimthu,female
Kim Thy,Kim Thy,kimthy,female
Kim Thông,Kim Thông,kimthong,female
Kim Thư,Kim Thư,kimthu,female
Kim Thảo,Kim Thảo,kimthao,female
Kim Thủy,Kim Thủy,kimthuy,female
Kim Trang,Kim Trang,kimtrang,female
Kim Tuyến,Kim Tuyến,kimtuyen,female
Kim Tuyết,Kim Tuyết,kimtuyet,female
Kim Tuyền,Kim Tuyền,kimtuyen,female
Kim Xuyến,Kim Xuyến,kimxuyen,female
Kim Xuân,Kim Xuân,kimxuan,female
Kim Yến,Kim Yến,kimyen,female
Kim Ánh,Kim Ánh,kimanh,female
Kim Đan,Kim Đan,kimdan,female
Kiết Hồng,Kiết Hồng,kiethong,female
Kiết Trinh,Kiết Trinh,kiettrinh,female
Kiều Anh,Kiều Anh,kieuanh,female
Kiều Diễm,Kiều Diễm,kieudiem,female
Kiều Dung,Kiều Dung,kieudung,female
Kiều Giang,Kiều Giang,kieugiang,female
Kiều Hoa,Kiều Hoa,kieuhoa,female
Kiều Hạnh,Kiều Hạnh,kieuhanh,female
Kiều Khanh,Kiều Khanh,kieukhanh,female
Kiều Loan,Kiều Loan,kieuloan,female
Kiều Mai,Kiều Mai,kieumai,female
Kiều Minh,Kiều Minh,kieuminh,female
Kiều Mỹ,Kiều Mỹ,kieumy,female
Kiều Nga,Kiều Nga,kieunga,female
Kiều Nguyệt,Kiều Nguyệt,kieunguyet,female
Kiều Nương,Kiều Nương,kieunuong,female
Kiều Thu,Kiều Thu,kieuthu,female
Kiều Trang,Kiều Trang,kieutrang,female
Kiều Trinh,Kiều Trinh,kieutrinh,female
Kỳ Anh,Kỳ Anh,kyanh,female
Kỳ Diệu,Kỳ Diệu,kydieu,female
Kỳ Duyên,Kỳ Duyên,kyduyen,female
Lam Giang,Lam Giang,lamgiang,female
Lam Hà,Lam Hà,lamha,female
Lam Khê,Lam Khê,lamkhe,female
Lam Ngọc,Lam Ngọc,lamngoc,female
Lam Tuyền,Lam Tuyền,lamtuyen,female
Lan Anh,Lan Anh,lananh,female
Lan Chi,Lan Chi,lanchi,female
Lan Hương,Lan Hương,lanhuong,female
Lan Khuê,Lan Khuê,lankhue,female
Lan Ngọc,Lan Ngọc,lanngoc,female
Lan Nhi,Lan Nhi,lannhi,female
Lan Phương,Lan Phương,lanphuong,female
Lan Thương,Lan Thương,lanthuong,female
Lan Trúc,Lan Trúc,lantruc,female
Lan Vy,Lan Vy,lanvy,female
Linh Chi,Linh Chi,linhchi,female
Linh Châu,Linh Châu,linhchau,female
Linh Duyên,Linh Duyên,linhduyen,female
Linh Giang,Linh Giang,linhgiang,female
Linh Hà,Linh Hà,linhha,female
Linh Lan,Linh Lan,linhlan,female
Linh Nhi,Linh Nhi,linhnhi,female
Linh Phương,Linh Phương,linhphuong,female
Linh Phượng,Linh Phượng,linhphuong,female
Linh San,Linh San,linhsan,female
Linh Trang,Linh Trang,linhtrang,female
Linh Ðan,Linh Ðan,linhðan,female
Liên Chi,Liên Chi,lienchi,female
Liên Hoa,Liên Hoa,lienhoa,female
Liên Hương,Liên Hương,lienhuong,female
Liên Như,Liên Như,liennhu,female
Liên Phương,Liên Phương,lienphuong,female
Liên Trân,Liên Trân,lientran,female
Liễu Oanh,Liễu Oanh,lieuoanh,female
Loan Châu,Loan Châu,loanchau,female
Ly Châu,Ly Châu,lychau,female
Lâm Nhi,Lâm Nhi,lamnhi,female
Lâm Oanh,Lâm Oanh,lamoanh,female
Lâm Tuyền,Lâm Tuyền,lamtuyen,female
Lâm Uyên,Lâm Uyên,lamuyen,female
Lê Quỳnh,Lê Quỳnh,lequynh,female
Lưu Ly,Lưu Ly,luuly,female
Lệ Băng,Lệ Băng,lebang,female
Lệ Chi,Lệ Chi,lechi,female
Lệ Giang,Lệ Giang,legiang,female
Lệ Hoa,Lệ Hoa,lehoa,female
Lệ Huyền,Lệ Huyền,lehuyen,female
Lệ Khanh,Lệ Khanh,lekhanh,female
Lệ Nga,Lệ Nga,lenga,female
Lệ Nhi,Lệ Nhi,lenhi,female
Lệ Quyên,Lệ Quyên,lequyen,female
Lệ Quân,Lệ Quân,lequan,female
Lệ Thanh,Lệ Thanh,lethanh,female
Lệ Thu,Lệ Thu,lethu,female
Lệ Thủy,Lệ Thủy,lethuy,female
Lộc Uyên,Lộc Uyên,locuyen,female
Lộc Uyển,Lộc Uyển,locuyen,female
Lục Bình,Lục Bình,lucbinh,female
Mai Anh,Mai Anh,maianh,female
Mai Chi,Mai Chi,maichi,female
Mai Châu,Mai Châu,maichau,female
Mai Hiền,Mai Hiền,maihien,female
Mai Hà,Mai Hà,maiha,female
Mai Hương,Mai Hương,maihuong,female
Mai Hạ,Mai Hạ,maiha,female
Mai Khanh,Mai Khanh,maikhanh,female
Mai Khôi,Mai Khôi,maikhoi,female
Mai Lan,Mai Lan,mailan,female
Mai Linh,Mai Linh,mailinh,female
Mai Liên,Mai Liên,mailien,female
Mai Loan,Mai Loan,mailoan,female
Mai Ly,Mai Ly,maily,female
Mai Nhi,Mai Nhi,mainhi,female
Mai Phương,Mai Phương,maiphuong,female
Mai Quyên,Mai Quyên,maiquyen,female
Mai Thanh,Mai Thanh,maithanh,female
Mai Thu,Mai Thu,maithu,female
Mai Thy,Mai Thy,maithy,female
Mai Thảo,Mai Thảo,maithao,female
Mai Trinh,Mai Trinh,maitrinh,female
Mai Tâm,Mai Tâm,maitam,female
Mai Vy,Mai Vy,maivy,female
Minh An,Minh An,minhan,female
Minh Châu,Minh Châu,minhchau,female
Minh Duyên,Minh Duyên,minhduyen,female
Minh Hiền,Minh Hiền,minhhien,female
Minh Huyền,Minh Huyền,minhhuyen,female
Minh Huệ,Minh Huệ,minhhue,female
Minh Hà,Minh Hà,minhha,female
Minh Hương,Minh Hương,minhhuong,female
Minh Hạnh,Minh Hạnh,minhhanh,female
Minh Hằng,Minh Hằng,minhhang,female
Minh Hồng,Minh Hồng,minhhong,female
Minh Khai,Minh Khai,minhkhai,female
Minh Khuê,Minh Khuê,minhkhue,female
Minh Loan,Minh Loan,minhloan,female
Minh Minh,Minh Minh,minhminh,female
Minh Nguyệt,Minh Nguyệt,minhnguyet,female
Minh Ngọc,Minh Ngọc,minhngoc,female
Minh Nhi,Minh Nhi,minhnhi,female
Minh Như,Minh Như,minhnhu,female
Minh Phương,Minh Phương,minhphuong,female
Minh Phượng,Minh Phượng,minhphuong,female
Minh Thu,Minh Thu,minhthu,female
Minh Thúy,Minh Thúy,minhthuy,female
Minh Thư,Minh Thư,minhthu,female
Minh Thương,Minh Thương,minhthuong,female
Minh Thảo,Minh Thảo,minhthao,female
Minh Thủy,Minh Thủy,minhthuy,female
Minh Trang,Minh Trang,minhtrang,female
Minh Tuyết,Minh Tuyết,minhtuyet,female
Minh Tuệ,Minh Tuệ,minhtue,female
Minh Tâm,Minh Tâm,minhtam,female
Minh Uyên,Minh Uyên,minhuyen,female
Minh Vy,Minh Vy,minhvy,female
Minh Xuân,Minh Xuân,minhxuan,female
Minh Yến,Minh Yến,minhyen,female
Minh Đan,Minh Đan,minhdan,female
Mậu Xuân,Mậu Xuân,mauxuan,female
Mộc Miên,Mộc Miên,mocmien,female
Mộng Hoa,Mộng Hoa,monghoa,female
Mộng Hương,Mộng Hương,monghuong,female
Mộng Hằng,Mộng Hằng,monghang,female
Mộng Lan,Mộng Lan,monglan,female
Mộng Liễu,Mộng Liễu,monglieu,female
Mộng Nguyệt,Mộng Nguyệt,mongnguyet,female
Mộng Nhi,Mộng Nhi,mongnhi,female
Mộng Quỳnh,Mộng Quỳnh,mongquynh,female
Mộng Thi,Mộng Thi,mongthi,female
Mộng Thu,Mộng Thu,mongthu,female
Mộng Tuyền,Mộng Tuyền,mongtuyen,female
Mộng Vi,Mộng Vi,mongvi,female
Mộng Vy,Mộng Vy,mongvy,female
Mộng Vân,Mộng Vân,mongvan,female
Mộng Ðiệp,Mộng Ðiệp,mongðiep,female
Mỹ Anh,Mỹ Anh,myanh,female
Mỹ Diễm,Mỹ Diễm,mydiem,female
Mỹ Dung,Mỹ Dung,mydung,female
Mỹ Duyên,Mỹ Duyên,myduyen,female
Mỹ Hiệp,Mỹ Hiệp,myhiep,female
Mỹ Hoàn,Mỹ Hoàn,myhoan,female
Mỹ Huyền,Mỹ Huyền,myhuyen,female
Mỹ Huệ,Mỹ Huệ,myhue,female
Mỹ Hường,Mỹ Hường,myhuong,female
Mỹ Hạnh,Mỹ Hạnh,myhanh,female
Mỹ Khuyên,Mỹ Khuyên,mykhuyen,female
Mỹ Kiều,Mỹ Kiều,mykieu,female
Mỹ Lan,Mỹ Lan,mylan,female
Mỹ Loan,Mỹ Loan,myloan,female
Mỹ Lệ,Mỹ Lệ,myle,female
Mỹ Lợi,Mỹ Lợi,myloi,female
Mỹ Nga,Mỹ Nga,mynga,female
Mỹ Ngọc,Mỹ Ngọc,myngoc,female
Mỹ Nhi,Mỹ Nhi,mynhi,female
Mỹ Nhân,Mỹ Nhân,mynhan,female
Mỹ Nương,Mỹ Nương,mynuong,female
Mỹ Phương,Mỹ Phương,myphuong,female
Mỹ Phượng,Mỹ Phượng,myphuong,female
Mỹ Phụng,Mỹ Phụng,myphung,female
Mỹ Thuần,Mỹ Thuần,mythuan,female
Mỹ Thuận,Mỹ Thuận,mythuan,female
Mỹ Trang,Mỹ Trang,mytrang,female
Mỹ Trâm,Mỹ Trâm,mytram,female
Mỹ Tâm,Mỹ Tâm,mytam,female
Mỹ Uyên,Mỹ Uyên,myuyen,female
Mỹ Vân,Mỹ Vân,myvan,female
Mỹ Xuân,Mỹ Xuân,myxuan,female
Mỹ Yến,Mỹ Yến,myyen,female
Nghi Dung,Nghi Dung,nghidung,female
Nghi Minh,Nghi Minh,nghiminh,female
Nghi Xuân,Nghi Xuân,nghixuan,female
Nguyên Hồng,Nguyên Hồng,nguyenhong,female
Nguyên Thảo,Nguyên Thảo,nguyenthao,female
Nguyết Ánh,Nguyết Ánh,nguyetanh,female
Nguyệt Anh,Nguyệt Anh,nguyetanh,female
Nguyệt Cát,Nguyệt Cát,nguyetcat,female
Nguyệt Cầm,Nguyệt Cầm,nguyetcam,female
Nguyệt Hà,Nguyệt Hà,nguyetha,female
Nguyệt Hồng,Nguyệt Hồng,nguyethong,female
Nguyệt Lan,Nguyệt Lan,nguyetlan,female
Nguyệt Minh,Nguyệt Minh,nguyetminh,female
Nguyệt Nga,Nguyệt Nga,nguyetnga,female
Nguyệt Quế,Nguyệt Quế,nguyetque,female
Nguyệt Uyển,Nguyệt Uyển,nguyetuyen,female
Nguyệt Ánh,Nguyệt Ánh,nguyetanh,female
Ngân Anh,Ngân Anh,ngananh,female
Ngân Hà,Ngân Hà,nganha,female
Ngân Thanh,Ngân Thanh,nganthanh,female
Ngân Trúc,Ngân Trúc,ngantruc,female
Ngọc Anh,Ngọc Anh,ngocanh,female
Ngọc Bích,Ngọc Bích,ngocbich,female
Ngọc Cầm,Ngọc Cầm,ngoccam,female
Ngọc Diệp,Ngọc Diệp,ngocdiep,female
Ngọc Dung,Ngọc Dung,ngocdung,female
Ngọc Hiền,Ngọc Hiền,ngochien,female
Ngọc Hoa,Ngọc Hoa,ngochoa,female
Ngọc Hoan,Ngọc Hoan,ngochoan,female
Ngọc Hoàn,Ngọc Hoàn,ngochoan,female
Ngọc Huyền,Ngọc Huyền,ngochuyen,female
Ngọc Huệ,Ngọc Huệ,ngochue,female
Ngọc Hà,Ngọc Hà,ngocha,female
Ngọc Hân,Ngọc Hân,ngochan,female
Ngọc Hạ,Ngọc Hạ,ngocha,female
Ngọc Hạnh,Ngọc Hạnh,ngochanh,female
Ngọc Hằng,Ngọc Hằng,ngochang,female
Ngọc Khanh,Ngọc Khanh,ngockhanh,female
Ngọc Khuê,Ngọc Khuê,ngockhue,female
Ngọc Khánh,Ngọc Khánh,ngockhanh,female
Ngọc Lam,Ngọc Lam,ngoclam,female
Ngọc Lan,Ngọc Lan,ngoclan,female
Ngọc Linh,Ngọc Linh,ngoclinh,female
Ngọc Liên,Ngọc Liên,ngoclien,female
Ngọc Loan,Ngọc Loan,ngocloan,female
Ngọc Ly,Ngọc Ly,ngocly,female
Ngọc Lâm,Ngọc Lâm,ngoclam,female
Ngọc Lý,Ngọc Lý,ngocly,female
Ngọc Lệ,Ngọc Lệ,ngocle,female
Ngọc Mai,Ngọc Mai,ngocmai,female
Ngọc Nhi,Ngọc Nhi,ngocnhi,female
Ngọc Nữ,Ngọc Nữ,ngocnu,female
Ngọc Oanh,Ngọc Oanh,ngocoanh,female
Ngọc Phụng,Ngọc Phụng,ngocphung,female
Ngọc Quyên,Ngọc Quyên,ngocquyen,female
Ngọc Quế,Ngọc Quế,ngocque,female
Ngọc Quỳnh,Ngọc Quỳnh,ngocquynh,female
Ngọc San,Ngọc San,ngocsan,female
Ngọc Sương,Ngọc Sương,ngocsuong,female
Ngọc Thi,Ngọc Thi,ngocthi,female
Ngọc Thy,Ngọc Thy,ngocthy,female
Ngọc Thơ,Ngọc Thơ,ngoctho,female
Ngọc Trinh,Ngọc Trinh,ngoctrinh,female
Ngọc Trâm,Ngọc Trâm,ngoctram,female
Ngọc Tuyết,Ngọc Tuyết,ngoctuyet,female
Ngọc Tâm,Ngọc Tâm,ngoctam,female
Ngọc Tú,Ngọc Tú,ngoctu,female
Ngọc Uyên,Ngọc Uyên,ngocuyen,female
Ngọc Uyển,Ngọc Uyển,ngocuyen,female
Ngọc Vy,Ngọc Vy,ngocvy,female
Ngọc Vân,Ngọc Vân,ngocvan,female
Ngọc Yến,Ngọc Yến,ngocyen,female
Ngọc Ái,Ngọc Ái,ngocai,female
Ngọc Ánh,Ngọc Ánh,ngocanh,female
Ngọc Ðiệp,Ngọc Ðiệp,ngocðiep,female
Ngọc Ðàn,Ngọc Ðàn,ngocðan,female
Ngọc Ðào,Ngọc Ðào,ngocðao,female
Nhan Hồng,Nhan Hồng,nhanhong,female
Nhã Hương,Nhã Hương,nhahuong,female
Nhã Hồng,Nhã Hồng,nhahong,female
Nhã Khanh,Nhã Khanh,nhakhanh,female
Nhã Lý,Nhã Lý,nhaly,female
Nhã Mai,Nhã Mai,nhamai,female
Nhã Sương,Nhã Sương,nhasuong,female
Nhã Thanh,Nhã Thanh,nhathanh,female
Nhã Trang,Nhã Trang,nhatrang,female
Nhã Trúc,Nhã Trúc,nhatruc,female
Nhã Uyên,Nhã Uyên,nhauyen,female
Nhã Yến,Nhã Yến,nhayen,female
Nhã Ý,Nhã Ý,nhay,female
Như Anh,Như Anh,nhuanh,female
Như Bảo,Như Bảo,nhubao,female
Như Hoa,Như Hoa,nhuhoa,female
Như Hảo,Như Hảo,nhuhao,female
Như Hồng,Như Hồng,nhuhong,female
Như Loan,Như Loan,nhuloan,female
Như Mai,Như Mai,nhumai,female
Như Ngà,Như Ngà,nhunga,female
Như Ngọc,Như Ngọc,nhungoc,female
Như Phương,Như Phương,nhuphuong,female
Như Quân,Như Quân,nhuquan,female
Như Quỳnh,Như Quỳnh,nhuquynh,female
Như Thảo,Như Thảo,nhuthao,female
Như Trân,Như Trân,nhutran,female
Như Tâm,Như Tâm,nhutam,female
Như Ý,Như Ý,nhuy,female
Nhất Thương,Nhất Thương,nhatthuong,female
Nhật Dạ,Nhật Dạ,nhatda,female
Nhật Hà,Nhật Hà,nhatha,female
Nhật Hạ,Nhật Hạ,nhatha,female
Nhật Lan,Nhật Lan,nhatlan,female
Nhật Linh,Nhật Linh,nhatlinh,female
Nhật Lệ,Nhật Lệ,nhatle,female
Nhật Mai,Nhật Mai,nhatmai,female
Nhật Phương,Nhật Phương,nhatphuong,female
Nhật Ánh,Nhật Ánh,nhatanh,female
Oanh Thơ,Oanh Thơ,oanhtho,female
Oanh Vũ,Oanh Vũ,oanhvu,female
Phi Khanh,Phi Khanh,phikhanh,female
Phi Nhung,Phi Nhung,phinhung,female
Phi Nhạn,Phi Nhạn,phinhan,female
Phi Phi,Phi Phi,phiphi,female
Phi Phượng,Phi Phượng,phiphuong,female
Phong Lan,Phong Lan,phonglan,female
Phương An,Phương An,phuongan,female
Phương Anh,Phương Anh,phuonganh,female
Phương Chi,Phương Chi,phuongchi,female
Phương Châu,Phương Châu,phuongchau,female
Phương Diễm,Phương Diễm,phuongdiem,female
Phương Dung,Phương Dung,phuongdung,female
Phương Giang,Phương Giang,phuonggiang,female
Phương Hiền,Phương Hiền,phuonghien,female
Phương Hoa,Phương Hoa,phuonghoa,female
Phương Hạnh,Phương Hạnh,phuonghanh,female
Phương Lan,Phương Lan,phuonglan,female
Phương Linh,Phương Linh,phuonglinh,female
Phương Liên,Phương Liên,phuonglien,female
Phương Loan,Phương Loan,phuongloan,female
Phương Mai,Phương Mai,phuongmai,female
Phương Nghi,Phương Nghi,phuongnghi,female
Phương Ngọc,Phương Ngọc,phuongngoc,female
Phương Nhi,Phương Nhi,phuongnhi,female
Phương Nhung,Phương Nhung,phuongnhung,female
Phương Phương,Phương Phương,phuongphuong,female
Phương Quyên,Phương Quyên,phuongquyen,female
Phương Quân,Phương Quân,phuongquan,female
Phương Quế,Phương Quế,phuongque,female
Phương Quỳnh,Phương Quỳnh,phuongquynh,female
Phương Thanh,Phương Thanh,phuongthanh,female
Phương Thi,Phương Thi,phuongthi,female
Phương Thùy,Phương Thùy,phuongthuy,female
Phương Thảo,Phương Thảo,phuongthao,female
Phương Thủy,Phương Thủy,phuongthuy,female
Phương Trang,Phương Trang,phuongtrang,female
Phương Trinh,Phương Trinh,phuongtrinh,female
Phương Trà,Phương Trà,phuongtra,female
Phương Trâm,Phương Trâm,phuongtram,female
Phương Tâm,Phương Tâm,phuongtam,female
Phương Uyên,Phương Uyên,phuonguyen,female
Phương Yến,Phương Yến,phuongyen,female
Phước Bình,Phước Bình,phuocbinh,female
Phước Huệ,Phước Huệ,phuochue,female
Phượng Bích,Phượng Bích,phuongbich,female
Phượng Liên,Phượng Liên,phuonglien,female
Phượng Loan,Phượng Loan,phuongloan,female
Phượng Lệ,Phượng Lệ,phuongle,female
Phượng Nga,Phượng Nga,phuongnga,female
Phượng Nhi,Phượng Nhi,phuongnhi,female
Phượng Tiên,Phượng Tiên,phuongtien,female
Phượng Uyên,Phượng Uyên,phuonguyen,female
Phượng Vy,Phượng Vy,phuongvy,female
Phượng Vũ,Phượng Vũ,phuongvu,female
Phụng Yến,Phụng Yến,phungyen,female
Quế Anh,Quế Anh,queanh,female
Quế Chi,Quế Chi,quechi,female
Quế Linh,Quế Linh,quelinh,female
Quế Lâm,Quế Lâm,quelam,female
Quế Phương,Quế Phương,quephuong,female
Quế Thu,Quế Thu,quethu,female
Quỳnh Anh,Quỳnh Anh,quynhanh,female
Quỳnh Chi,Quỳnh Chi,quynhchi,female
Quỳnh Dao,Quỳnh Dao,quynhdao,female
Quỳnh Dung,Quỳnh Dung,quynhdung,female
Quỳnh Giang,Quỳnh Giang,quynhgiang,female
Quỳnh Giao,Quỳnh Giao,quynhgiao,female
Quỳnh Hoa,Quỳnh Hoa,quynhhoa,female
Quỳnh Hà,Quỳnh Hà,quynhha,female
Quỳnh Hương,Quỳnh Hương,quynhhuong,female
Quỳnh Lam,Quỳnh Lam,quynhlam,female
Quỳnh Liên,Quỳnh Liên,quynhlien,female
Quỳnh Lâm,Quỳnh Lâm,quynhlam,female
Quỳnh Nga,Quỳnh Nga,quynhnga,female
Quỳnh Ngân,Quỳnh Ngân,quynhngan,female
Quỳnh Nhi,Quỳnh Nhi,quynhnhi,female
Quỳnh Nhung,Quỳnh Nhung,quynhnhung,female
Quỳnh Như,Quỳnh Như,quynhnhu,female
Quỳnh Phương,Quỳnh Phương,quynhphuong,female
Quỳnh Sa,Quỳnh Sa,quynhsa,female
Quỳnh Thanh,Quỳnh Thanh,quynhthanh,female
Quỳnh Thơ,Quỳnh Thơ,quynhtho,female
Quỳnh Tiên,Quỳnh Tiên,quynhtien,female
Quỳnh Trang,Quỳnh Trang,quynhtrang,female
Quỳnh Trâm,Quỳnh Trâm,quynhtram,female
Quỳnh Vân,Quỳnh Vân,quynhvan,female
Sao Băng,Sao Băng,saobang,female
Sao Mai,Sao Mai,saomai,female
Song Kê,Song Kê,songke,female
Song Lam,Song Lam,songlam,female
Song Oanh,Song Oanh,songoanh,female
Song Thư,Song Thư,songthu,female
Sông Hà,Sông Hà,songha,female
Sông Hương,Sông Hương,songhuong,female
Sơn Ca,Sơn Ca,sonca,female
Sơn Tuyền,Sơn Tuyền,sontuyen,female
Sương Sương,Sương Sương,suongsuong,female
Thanh Bình,Thanh Bình,thanhbinh,female
Thanh Dân,Thanh Dân,thanhdan,female
Thanh Giang,Thanh Giang,thanhgiang,female
Thanh Hiếu,Thanh Hiếu,thanhhieu,female
Thanh Hiền,Thanh Hiền,thanhhien,female
Thanh Hoa,Thanh Hoa,thanhhoa,female
Thanh Huyền,Thanh Huyền,thanhhuyen,female
Thanh Hà,Thanh Hà,thanhha,female
Thanh Hương,Thanh Hương,thanhhuong,female
Thanh Hường,Thanh Hường,thanhhuong,female
Thanh Hạnh,Thanh Hạnh,thanhhanh,female
Thanh Hảo,Thanh Hảo,thanhhao,female
Thanh Hằng,Thanh Hằng,thanhhang,female
Thanh Hồng,Thanh Hồng,thanhhong,female
Thanh Kiều,Thanh Kiều,thanhkieu,female
Thanh Lam,Thanh Lam,thanhlam,female
Thanh Lan,Thanh Lan,thanhlan,female
Thanh Loan,Thanh Loan,thanhloan,female
Thanh Lâm,Thanh Lâm,thanhlam,female
Thanh Mai,Thanh Mai,thanhmai,female
Thanh Mẫn,Thanh Mẫn,thanhman,female
Thanh Nga,Thanh Nga,thanhnga,female
Thanh Nguyên,Thanh Nguyên,thanhnguyen,female
Thanh Ngân,Thanh Ngân,thanhngan,female
Thanh Ngọc,Thanh Ngọc,thanhngoc,female
Thanh Nhung,Thanh Nhung,thanhnhung,female
Thanh Nhàn,Thanh Nhàn,thanhnhan,female
Thanh Nhã,Thanh Nhã,thanhnha,female
Thanh Phương,Thanh Phương,thanhphuong,female
Thanh Thanh,Thanh Thanh,thanhthanh,female
Thanh Thiên,Thanh Thiên,thanhthien,female
Thanh Thu,Thanh Thu,thanhthu,female
Thanh Thúy,Thanh Thúy,thanhthuy,female
Thanh Thư,Thanh Thư,thanhthu,female
Thanh Thảo,Thanh Thảo,thanhthao,female
Thanh Thủy,Thanh Thủy,thanhthuy,female
Thanh Trang,Thanh Trang,thanhtrang,female
Thanh Trúc,Thanh Trúc,thanhtruc,female
Thanh Tuyết,Thanh Tuyết,thanhtuyet,female
Thanh Tuyền,Thanh Tuyền,thanhtuyen,female
Thanh Tâm,Thanh Tâm,thanhtam,female
Thanh Uyên,Thanh Uyên,thanhuyen,female
Thanh Vy,Thanh Vy,thanhvy,female
Thanh Vân,Thanh Vân,thanhvan,female
Thanh Xuân,Thanh Xuân,thanhxuan,female
Thanh Yến,Thanh Yến,thanhyen,female
Thanh Đan,Thanh Đan,thanhdan,female
Thi Cầm,Thi Cầm,thicam,female
Thi Ngôn,Thi Ngôn,thingon,female
Thi Thi,Thi Thi,thithi,female
Thi Xuân,Thi Xuân,thixuan,female
Thi Yến,Thi Yến,thiyen,female
Thiên Di,Thiên Di,thiendi,female
Thiên Duyên,Thiên Duyên,thienduyen,female
Thiên Giang,Thiên Giang,thiengiang,female
Thiên Hà,Thiên Hà,thienha,female
Thiên Hương,Thiên Hương,thienhuong,female
Thiên Khánh,Thiên Khánh,thienkhanh,female
Thiên Kim,Thiên Kim,thienkim,female
Thiên Lam,Thiên Lam,thienlam,female
Thiên Lan,Thiên Lan,thienlan,female
Thiên Mai,Thiên Mai,thienmai,female
Thiên Mỹ,Thiên Mỹ,thienmy,female
Thiên Nga,Thiên Nga,thiennga,female
Thiên Nương,Thiên Nương,thiennuong,female
Thiên Phương,Thiên Phương,thienphuong,female
Thiên Thanh,Thiên Thanh,thienthanh,female
Thiên Thêu,Thiên Thêu,thientheu,female
Thiên Thư,Thiên Thư,thienthu,female
Thiên Thảo,Thiên Thảo,thienthao,female
Thiên Trang,Thiên Trang,thientrang,female
Thiên Tuyền,Thiên Tuyền,thientuyen,female
Thiếu Mai,Thiếu Mai,thieumai,female
Thiều Ly,Thiều Ly,thieuly,female
Thiện Mỹ,Thiện Mỹ,thienmy,female
Thiện Tiên,Thiện Tiên,thientien,female
Thu Duyên,Thu Duyên,thuduyen,female
Thu Giang,Thu Giang,thugiang,female
Thu Hiền,Thu Hiền,thuhien,female
Thu Hoài,Thu Hoài,thuhoai,female
Thu Huyền,Thu Huyền,thuhuyen,female
Thu Huệ,Thu Huệ,thuhue,female
Thu Hà,Thu Hà,thuha,female
Thu Hậu,Thu Hậu,thuhau,female
Thu Hằng,Thu Hằng,thuhang,female
Thu Hồng,Thu Hồng,thuhong,female
Thu Linh,Thu Linh,thulinh,female
Thu Liên,Thu Liên,thulien,female
Thu Loan,Thu Loan,thuloan,female
Thu Mai,Thu Mai,thumai,female
Thu Minh,Thu Minh,thuminh,female
Thu Nga,Thu Nga,thunga,female
Thu Nguyệt,Thu Nguyệt,thunguyet,female
Thu Ngà,Thu Ngà,thunga,female
Thu Ngân,Thu Ngân,thungan,female
Thu Ngọc,Thu Ngọc,thungoc,female
Thu Nhiên,Thu Nhiên,thunhien,female
Thu Oanh,Thu Oanh,thuoanh,female
Thu Phong,Thu Phong,thuphong,female
Thu Phương,Thu Phương,thuphuong,female
Thu Phượng,Thu Phượng,thuphuong,female
Thu Sương,Thu Sương,thusuong,female
Thu Thuận,Thu Thuận,thuthuan,female
Thu Thảo,Thu Thảo,thuthao,female
Thu Thủy,Thu Thủy,thuthuy,female
Thu Trang,Thu Trang,thutrang,female
Thu Việt,Thu Việt,thuviet,female
Thu Vân,Thu Vân,thuvan,female
Thu Vọng,Thu Vọng,thuvong,female
Thu Yến,Thu Yến,thuyen,female
Thuần Hậu,Thuần Hậu,thuanhau,female
Thy Khanh,Thy Khanh,thykhanh,female
Thy Oanh,Thy Oanh,thyoanh,female
Thy Trúc,Thy Trúc,thytruc,female
Thy Vân,Thy Vân,thyvan,female
Thái Chi,Thái Chi,thaichi,female
Thái Hà,Thái Hà,thaiha,female
Thái Hồng,Thái Hồng,thaihong,female
Thái Lan,Thái Lan,thailan,female
Thái Lâm,Thái Lâm,thailam,female
Thái Thanh,Thái Thanh,thaithanh,female
Thái Thảo,Thái Thảo,thaithao,female
Thái Tâm,Thái Tâm,thaitam,female
Thái Vân,Thái Vân,thaivan,female
Thùy Anh,Thùy Anh,thuyanh,female
Thùy Dung,Thùy Dung,thuydung,female
Thùy Dương,Thùy Dương,thuyduong,female
Thùy Giang,Thùy Giang,thuygiang,female
Thùy Linh,Thùy Linh,thuylinh,female
Thùy Mi,Thùy Mi,thuymi,female
Thùy My,Thùy My,thuymy,female
Thùy Nhi,Thùy Nhi,thuynhi,female
Thùy Như,Thùy Như,thuynhu,female
Thùy Oanh,Thùy Oanh,thuyoanh,female
Thùy Uyên,Thùy Uyên,thuyuyen,female
Thùy Vân,Thùy Vân,thuyvan,female
Thúy Anh,Thúy Anh,thuyanh,female
Thúy Diễm,Thúy Diễm,thuydiem,female
Thúy Hiền,Thúy Hiền,thuyhien,female
Thúy Huyền,Thúy Huyền,thuyhuyen,female
Thúy Hà,Thúy Hà,thuyha,female
Thúy Hương,Thúy Hương,thuyhuong,female
Thúy Hường,Thúy Hường,thuyhuong,female
Thúy Hạnh,Thúy Hạnh,thuyhanh,female
Thúy Hằng,Thúy Hằng,thuyhang,female
Thúy Kiều,Thúy Kiều,thuykieu,female
Thúy Liên,Thúy Liên,thuylien,female
Thúy Liễu,Thúy Liễu,thuylieu,female
Thúy Loan,Thúy Loan,thuyloan,female
Thúy Mai,Thúy Mai,thuymai,female
Thúy Minh,Thúy Minh,thuyminh,female
Thúy My,Thúy My,thuymy,female
Thúy Nga,Thúy Nga,thuynga,female
Thúy Ngà,Thúy Ngà,thuynga,female
Thúy Ngân,Thúy Ngân,thuyngan,female
Thúy Ngọc,Thúy Ngọc,thuyngoc,female
Thúy Phượng,Thúy Phượng,thuyphuong,female
Thúy Quỳnh,Thúy Quỳnh,thuyquynh,female
Thúy Vi,Thúy Vi,thuyvi,female
Thúy Vy,Thúy Vy,thuyvy,female
Thúy Vân,Thúy Vân,thuyvan,female
Thơ Thơ,Thơ Thơ,thotho,female
Thư Lâm,Thư Lâm,thulam,female
Thư Sương,Thư Sương,thusuong,female
Thương Huyền,Thương Huyền,thuonghuyen,female
Thương Nga,Thương Nga,thuongnga,female
Thương Thương,Thương Thương,thuongthuong,female
Thường Xuân,Thường Xuân,thuongxuan,female
Thạch Thảo,Thạch Thảo,thachthao,female
Thảo Hương,Thảo Hương,thaohuong,female
Thảo Hồng,Thảo Hồng,thaohong,female
Thảo Linh,Thảo Linh,thaolinh,female
Thảo Ly,Thảo Ly,thaoly,female
Thảo Mai,Thảo Mai,thaomai,female
Thảo My,Thảo My,thaomy,female
Thảo Nghi,Thảo Nghi,thaonghi,female
Thảo Nguyên,Thảo Nguyên,thaonguyen,female
Thảo Nhi,Thảo Nhi,thaonhi,female
Thảo Quyên,Thảo Quyên,thaoquyen,female
Thảo Tiên,Thảo Tiên,thaotien,female
Thảo Trang,Thảo Trang,thaotrang,female
Thảo Uyên,Thảo Uyên,thaouyen,female
Thảo Vy,Thảo Vy,thaovy,female
Thảo Vân,Thảo Vân,thaovan,female
Thục Anh,Thục Anh,thucanh,female
Thục Khuê,Thục Khuê,thuckhue,female
Thục Nhi,Thục Nhi,thucnhi,female
Thục Oanh,Thục Oanh,thucoanh,female
Thục Quyên,Thục Quyên,thucquyen,female
Thục Trang,Thục Trang,thuctrang,female
Thục Trinh,Thục Trinh,thuctrinh,female
Thục Tâm,Thục Tâm,thuctam,female
Thục Uyên,Thục Uyên,thucuyen,female
Thục Vân,Thục Vân,thucvan,female
Thục Ðoan,Thục Ðoan,thucðoan,female
Thục Ðào,Thục Ðào,thucðao,female
Thục Ðình,Thục Ðình,thucðinh,female
Thụy Du,Thụy Du,thuydu,female
Thụy Khanh,Thụy Khanh,thuykhanh,female
Thụy Linh,Thụy Linh,thuylinh,female
Thụy Lâm,Thụy Lâm,thuylam,female
Thụy Miên,Thụy Miên,thuymien,female
Thụy Nương,Thụy Nương,thuynuong,female
Thụy Trinh,Thụy Trinh,thuytrinh,female
Thụy Trâm,Thụy Trâm,thuytram,female
Thụy Uyên,Thụy Uyên,thuyuyen,female
Thụy Vân,Thụy Vân,thuyvan,female
Thụy Ðào,Thụy Ðào,thuyðao,female
Thủy Hằng,Thủy Hằng,thuyhang,female
Thủy Hồng,Thủy Hồng,thuyhong,female
Thủy Linh,Thủy Linh,thuylinh,female
Thủy Minh,Thủy Minh,thuyminh,female
Thủy Nguyệt,Thủy Nguyệt,thuynguyet,female
Thủy Quỳnh,Thủy Quỳnh,thuyquynh,female
Thủy Tiên,Thủy Tiên,thuytien,female
Thủy Trang,Thủy Trang,thuytrang,female
Thủy Tâm,Thủy Tâm,thuytam,female
Tinh Tú,Tinh Tú,tinhtu,female
Tiên Phương,Tiên Phương,tienphuong,female
Tiểu Mi,Tiểu Mi,tieumi,female
Tiểu My,Tiểu My,tieumy,female
Tiểu Quỳnh,Tiểu Quỳnh,tieuquynh,female
Trang Anh,Trang Anh,tranganh,female
Trang Linh,Trang Linh,tranglinh,female
Trang Nhã,Trang Nhã,trangnha,female
Trang Tâm,Trang Tâm,trangtam,female
Trang Ðài,Trang Ðài,trangðai,female
Triều Nguyệt,Triều Nguyệt,trieunguyet,female
Triều Thanh,Triều Thanh,trieuthanh,female
Triệu Mẫn,Triệu Mẫn,trieuman,female
Trung Anh,Trung Anh,trunganh,female
Trà Giang,Trà Giang,tragiang,female
Trà My,Trà My,tramy,female
Trâm Anh,Trâm Anh,tramanh,female
Trâm Oanh,Trâm Oanh,tramoanh,female
Trân Châu,Trân Châu,tranchau,female
Trúc Chi,Trúc Chi,trucchi,female
Trúc Lam,Trúc Lam,truclam,female
Trúc Lan,Trúc Lan,truclan,female
Trúc Linh,Trúc Linh,truclinh,female
Trúc Liên,Trúc Liên,truclien,female
Trúc Loan,Trúc Loan,trucloan,female
Trúc Ly,Trúc Ly,trucly,female
Trúc Lâm,Trúc Lâm,truclam,female
Trúc Mai,Trúc Mai,trucmai,female
Trúc Phương,Trúc Phương,trucphuong,female
Trúc Quân,Trúc Quân,trucquan,female
Trúc Quỳnh,Trúc Quỳnh,trucquynh,female
Trúc Vy,Trúc Vy,trucvy,female
Trúc Vân,Trúc Vân,trucvan,female
Trúc Ðào,Trúc Ðào,trucðao,female
Trúc Đào,Trúc Đào,trucdao,female
Trầm Hương,Trầm Hương,tramhuong,female
Tuyết Anh,Tuyết Anh,tuyetanh,female
Tuyết Băng,Tuyết Băng,tuyetbang,female
Tuyết Chi,Tuyết Chi,tuyetchi,female
Tuyết Hoa,Tuyết Hoa,tuyethoa,female
Tuyết Hân,Tuyết Hân,tuyethan,female
Tuyết Hương,Tuyết Hương,tuyethuong,female
Tuyết Hồng,Tuyết Hồng,tuyethong,female
Tuyết Lan,Tuyết Lan,tuyetlan,female
Tuyết Loan,Tuyết Loan,tuyetloan,female
Tuyết Lâm,Tuyết Lâm,tuyetlam,female
Tuyết Mai,Tuyết Mai,tuyetmai,female
Tuyết Nga,Tuyết Nga,tuyetnga,female
Tuyết Nhi,Tuyết Nhi,tuyetnhi,female
Tuyết Nhung,Tuyết Nhung,tuyetnhung,female
Tuyết Oanh,Tuyết Oanh,tuyetoanh,female
Tuyết Thanh,Tuyết Thanh,tuyetthanh,female
Tuyết Trinh,Tuyết Trinh,tuyettrinh,female
Tuyết Trầm,Tuyết Trầm,tuyettram,female
Tuyết Tâm,Tuyết Tâm,tuyettam,female
Tuyết Vy,Tuyết Vy,tuyetvy,female
Tuyết Vân,Tuyết Vân,tuyetvan,female
Tuyết Xuân,Tuyết Xuân,tuyetxuan,female
Tuyền Lâm,Tuyền Lâm,tuyenlam,female
Tuệ Lâm,Tuệ Lâm,tuelam,female
Tuệ Mẫn,Tuệ Mẫn,tueman,female
Tuệ Nhi,Tuệ Nhi,tuenhi,female
Tâm Hiền,Tâm Hiền,tamhien,female
Tâm Hạnh,Tâm Hạnh,tamhanh,female
Tâm Hằng,Tâm Hằng,tamhang,female
Tâm Khanh,Tâm Khanh,tamkhanh,female
Tâm Linh,Tâm Linh,tamlinh,female
Tâm Nguyên,Tâm Nguyên,tamnguyen,female
Tâm Nguyệt,Tâm Nguyệt,tamnguyet,female
Tâm Nhi,Tâm Nhi,tamnhi,female
Tâm Như,Tâm Như,tamnhu,female
Tâm Thanh,Tâm Thanh,tamthanh,female
Tâm Trang,Tâm Trang,tamtrang,female
Tâm Ðoan,Tâm Ðoan,tamðoan,female
Tâm Đan,Tâm Đan,tamdan,female
Tùng Linh,Tùng Linh,tunglinh,female
Tùng Lâm,Tùng Lâm,tunglam,female
Tùng Quân,Tùng Quân,tungquan,female
Tùy Anh,Tùy Anh,tuyanh,female
Tùy Linh,Tùy Linh,tuylinh,female
Tú Anh,Tú Anh,tuanh,female
Tú Ly,Tú Ly,tuly,female
Tú Nguyệt,Tú Nguyệt,tunguyet,female
Tú Quyên,Tú Quyên,tuquyen,female
Tú Quỳnh,Tú Quỳnh,tuquynh,female
Tú Sương,Tú Sương,tusuong,female
Tú Trinh,Tú Trinh,tutrinh,female
Tú Tâm,Tú Tâm,tutam,female
Tú Uyên,Tú Uyên,tuuyen,female
Túy Loan,Túy Loan,tuyloan,female
Tường Chinh,Tường Chinh,tuongchinh,female
Tường Vi,Tường Vi,tuongvi,female
Tường Vy,Tường Vy,tuongvy,female
Tường Vân,Tường Vân,tuongvan,female
Tịnh Lâm,Tịnh Lâm,tinhlam,female
Tịnh Nhi,Tịnh Nhi,tinhnhi,female
Tịnh Như,Tịnh Như,tinhnhu,female
Tịnh Tâm,Tịnh Tâm,tinhtam,female
Tịnh Yên,Tịnh Yên,tinhyen,female
Tố Loan,Tố Loan,toloan,female
Tố Nga,Tố Nga,tonga,female
Tố Nhi,Tố Nhi,tonhi,female
Tố Quyên,Tố Quyên,toquyen,female
Tố Tâm,Tố Tâm,totam,female
Tố Uyên,Tố Uyên,touyen,female
Từ Dung,Từ Dung,tudung,female
Từ Ân,Từ Ân,tuan,female
Uyên Minh,Uyên Minh,uyenminh,female
Uyên My,Uyên My,uyenmy,female
Uyên Nhi,Uyên Nhi,uyennhi,female
Uyên Phương,Uyên Phương,uyenphuong,female
Uyên Thi,Uyên Thi,uyenthi,female
Uyên Thy,Uyên Thy,uyenthy,female
Uyên Thơ,Uyên Thơ,uyentho,female
Uyên Trâm,Uyên Trâm,uyentram,female
Uyên Vi,Uyên Vi,uyenvi,female
Uyển Khanh,Uyển Khanh,uyenkhanh,female
Uyển My,Uyển My,uyenmy,female
Uyển Nghi,Uyển Nghi,uyennghi,female
Uyển Nhi,Uyển Nhi,uyennhi,female
Uyển Nhã,Uyển Nhã,uyennha,female
Uyển Như,Uyển Như,uyennhu,female
Vi Quyên,Vi Quyên,viquyen,female
Vinh Diệu,Vinh Diệu,vinhdieu,female
Việt Hà,Việt Hà,vietha,female
Việt Hương,Việt Hương,viethuong,female
Việt Khuê,Việt Khuê,vietkhue,female
Việt Mi,Việt Mi,vietmi,female
Việt Nga,Việt Nga,vietnga,female
Việt Nhi,Việt Nhi,vietnhi,female
Việt Thi,Việt Thi,vietthi,female
Việt Trinh,Việt Trinh,viettrinh,female
Việt Tuyết,Việt Tuyết,viettuyet,female
Việt Yến,Việt Yến,vietyen,female
Vy Lam,Vy Lam,vylam,female
Vy Lan,Vy Lan,vylan,female
Vàng Anh,Vàng Anh,vanganh,female
Vành Khuyên,Vành Khuyên,vanhkhuyen,female
Vân Anh,Vân Anh,vananh,female
Vân Chi,Vân Chi,vanchi,female
Vân Du,Vân Du,vandu,female
Vân Hà,Vân Hà,vanha,female
Vân Hương,Vân Hương,vanhuong,female
Vân Khanh,Vân Khanh,vankhanh,female
Vân Khánh,Vân Khánh,vankhanh,female
Vân Linh,Vân Linh,vanlinh,female
Vân Ngọc,Vân Ngọc,vanngoc,female
Vân Nhi,Vân Nhi,vannhi,female
Vân Phi,Vân Phi,vanphi,female
Vân Phương,Vân Phương,vanphuong,female
Vân Quyên,Vân Quyên,vanquyen,female
Vân Quỳnh,Vân Quỳnh,vanquynh,female
Vân Thanh,Vân Thanh,vanthanh,female
Vân Thúy,Vân Thúy,vanthuy,female
Vân Thường,Vân Thường,vanthuong,female
Vân Tiên,Vân Tiên,vantien,female
Vân Trang,Vân Trang,vantrang,female
Vân Trinh,Vân Trinh,vantrinh,female
Vũ Hồng,Vũ Hồng,vuhong,female
Xuyến Chi,Xuyến Chi,xuyenchi,female
Xuân Bảo,Xuân Bảo,xuanbao,female
Xuân Dung,Xuân Dung,xuandung,female
Xuân Hiền,Xuân Hiền,xuanhien,female
Xuân Hoa,Xuân Hoa,xuanhoa,female
Xuân Hân,Xuân Hân,xuanhan,female
Xuân Hương,Xuân Hương,xuanhuong,female
Xuân Hạnh,Xuân Hạnh,xuanhanh,female
Xuân Lan,Xuân Lan,xuanlan,female
Xuân Linh,Xuân Linh,xuanlinh,female
Xuân Liễu,Xuân Liễu,xuanlieu,female
Xuân Loan,Xuân Loan,xuanloan,female
Xuân Lâm,Xuân Lâm,xuanlam,female
Xuân Mai,Xuân Mai,xuanmai,female
Xuân Nghi,Xuân Nghi,xuannghi,female
Xuân Ngọc,Xuân Ngọc,xuanngoc,female
Xuân Nhi,Xuân Nhi,xuannhi,female
Xuân Nhiên,Xuân Nhiên,xuannhien,female
Xuân Nương,Xuân Nương,xuannuong,female
Xuân Phương,Xuân Phương,xuanphuong,female
Xuân Phượng,Xuân Phượng,xuanphuong,female
Xuân Thanh,Xuân Thanh,xuanthanh,female
Xuân Thu,Xuân Thu,xuanthu,female
Xuân Thảo,Xuân Thảo,xuanthao,female
Xuân Thủy,Xuân Thủy,xuanthuy,female
Xuân Trang,Xuân Trang,xuantrang,female
Xuân Tâm,Xuân Tâm,xuantam,female
Xuân Uyên,Xuân Uyên,xuanuyen,female
Xuân Vân,Xuân Vân,xuanvan,female
Xuân Yến,Xuân Yến,xuanyen,female
Xuân xanh,Xuân xanh,xuanxanh,female
Yên Bằng,Yên Bằng,yenbang,female
Yên Mai,Yên Mai,yenmai,female
Yên Nhi,Yên Nhi,yennhi,female
Yên Ðan,Yên Ðan,yenðan,female
Yên Đan,Yên Đan,yendan,female
Yến Anh,Yến Anh,yenanh,female
Yến Hồng,Yến Hồng,yenhong,female
Yến Loan,Yến Loan,yenloan,female
Yến Mai,Yến Mai,yenmai,female
Yến My,Yến My,yenmy,female
Yến Nhi,Yến Nhi,yennhi,female
Yến Oanh,Yến Oanh,yenoanh,female
Yến Phương,Yến Phương,yenphuong,female
Yến Phượng,Yến Phượng,yenphuong,female
Yến Thanh,Yến Thanh,yenthanh,female
Yến Thảo,Yến Thảo,yenthao,female
Yến Trang,Yến Trang,yentrang,female
Yến Trinh,Yến Trinh,yentrinh,female
Yến Trâm,Yến Trâm,yentram,female
Yến Ðan,Yến Ðan,yenðan,female
Ái Hồng,Ái Hồng,aihong,female
Ái Khanh,Ái Khanh,aikhanh,female
Ái Linh,Ái Linh,ailinh,female
Ái Nhi,Ái Nhi,ainhi,female
Ái Nhân,Ái Nhân,ainhan,female
Ái Thi,Ái Thi,aithi,female
Ái Thy,Ái Thy,aithy,female
Ái Vân,Ái Vân,aivan,female
Ánh Dương,Ánh Dương,anhduong,female
Ánh Hoa,Ánh Hoa,anhhoa,female
Ánh Hồng,Ánh Hồng,anhhong,female
Ánh Linh,Ánh Linh,anhlinh,female
Ánh Lệ,Ánh Lệ,anhle,female
Ánh Mai,Ánh Mai,anhmai,female
Ánh Nguyệt,Ánh Nguyệt,anhnguyet,female
Ánh Ngọc,Ánh Ngọc,anhngoc,female
Ánh Thơ,Ánh Thơ,anhtho,female
Ánh Trang,Ánh Trang,anhtrang,female
Ánh Tuyết,Ánh Tuyết,anhtuyet,female
Ánh Xuân,Ánh Xuân,anhxuan,female
Ðan Khanh,Ðan Khanh,ðankhanh,female
Ðan Quỳnh,Ðan Quỳnh,ðanquynh,female
Ðan Thu,Ðan Thu,ðanthu,female
Ðinh Hương,Ðinh Hương,ðinhhuong,female
Ðoan Thanh,Ðoan Thanh,ðoanthanh,female
Ðoan Trang,Ðoan Trang,ðoantrang,female
Ðài Trang,Ðài Trang,ðaitrang,female
Ðông Nghi,Ðông Nghi,ðongnghi,female
Ðông Nhi,Ðông Nhi,ðongnhi,female
Ðông Trà,Ðông Trà,ðongtra,female
Ðông Tuyền,Ðông Tuyền,ðongtuyen,female
Ðông Vy,Ðông Vy,ðongvy,female
Ðông Ðào,Ðông Ðào,ðongðao,female
Ðồng Dao,Ðồng Dao,ðongdao,female
Ý Bình,Ý Bình,ybinh,female
Ý Lan,Ý Lan,ylan,female
Ý Nhi,Ý Nhi,ynhi,female
Đan Linh,Đan Linh,danlinh,female
Đan Quỳnh,Đan Quỳnh,danquynh,female
Đan Thanh,Đan Thanh,danthanh,female
Đan Thu,Đan Thu,danthu,female
Đan Thư,Đan Thư,danthu,female
Đan Tâm,Đan Tâm,dantam,female
Đinh Hương,Đinh Hương,dinhhuong,female
Đoan Thanh,Đoan Thanh,doanthanh,female
Đoan Trang,Đoan Trang,doantrang,female
Đài Trang,Đài Trang,daitrang,female
Đông Nghi,Đông Nghi,dongnghi,female
Đông Trà,Đông Trà,dongtra,female
Đông Tuyền,Đông Tuyền,dongtuyen,female
Đông Vy,Đông Vy,dongvy,female
Đơn Thuần,Đơn Thuần,donthuan,female
Đức Hạnh,Đức Hạnh,duchanh,female
Ấu Lăng,Ấu Lăng,aulang,female
