name,kana,romaji
鴉,あ,a
藍内,あいうち,aiuchi
会尾,あいお,aio
相河,あいかわ,aikawa
愛上,あいがみ,aigami
相京,あいきょう,aikyou
会甲,あいこう,aikou
合崎,あいさき,aisaki
愛沢,あいさわ,aisawa
藍作,あいざく,aizaku
會沢,あいざわ,aizawa
藍島,あいじま,aijima
相関,あいぜき,aizeki
藍染,あいぞめ,aizome
曾田,あいだ,aida
相築,あいつき,aitsuki
哀帝,あいてい,aitei
相浦,あいのうら,ainoura
相ノ谷,あいのや,ainoya
粟飯原,あいはら,aihara
愛馬,あいば,aiba
栗飯原,あいばら,aibara
愛見,あいみ,aimi
愛本,あいもと,aimoto
吾平,あいら,aira
四十物,あえもの,aemono
青出,あおいで,aoide
青鹿,あおが,aoga
青北,あおきた,aokita
青嵜,あおざき,aozaki
青嶋,あおじま,aojima
青砥,あおてい,aotei
青野,あおの,aono
青宮,あおみや,aomiya
阿嘉,あか,aka
赤池,あかいけ,akaike
安河内,あかうち,akauchi
赤荻,あかおぎ,akaogi
明賀,あかが,akaga
赤狩山,あかがりやま,akagariyama
赤木,あかぎ,akagi
赤枝,あかぐさ,akagusa
朱碕,あかさき,akasaki
明阪,あかざか,akazaka
赤澤,あかざわ,akazawa
明石田,あかしだ,akashida
紅嶋,あかじま,akajima
朱瀬,あかせ,akase
赤瀧,あかたき,akataki
赤近,あかちか,akachika
朱塚,あかづか,akazuka
朱名,あかな,akana
茜ケ久保,あかねがくぼ,akanegakubo
明羽,あかはね,akahane
朱羽,あかばね,akabane
赤淵,あかぶち,akabuchi
紅星,あかぼし,akaboshi
赤町,あかまち,akamachi
朱嶺,あかみね,akamine
明湯,あかゆ,akayu
安河,あかわ,akawa
阿賀田,あがた,agata
我妻,あがつま,agatsuma
上り口,あがりぐち,agariguchi
阿川,あがわ,agawa
穐池,あきいけ,akiike
昭岡,あきおか,akioka
昭川,あきがわ,akigawa
璃草,あきぐさ,akigusa
穐定,あきさだ,akisada
璃里,あきざと,akizato
淳篠,あきしの,akishino
秋月,あきずき,akizuki
秋武,あきたけ,akitake
秋知,あきち,akichi
璃月,あきづき,akizuki
阿支奈,あきな,akina
璃庭,あきにわ,akiniwa
秋濃,あきのう,akinou
秋畑,あきはた,akihata
淳葉,あきば,akiba
淳浜,あきばま,akibama
淳保,あきほ,akiho
昭桝,あきます,akimasu
昭村,あきむら,akimura
秋本,あきもと,akimoto
璃保,あきやす,akiyasu
淳吉,あきよし,akiyoshi
吾木,あぎ,agi
阿久井,あくい,akui
亜久澤,あくざわ,akuzawa
肥,あくつ,akutsu
渥美,あくみ,akumi
亜久井,あぐい,agui
安黒,あぐろ,aguro
明定,あけさだ,akesada
朱智,あけち,akechi
明長,あけなが,akenaga
明日,あけび,akebi
暁美,あけみ,akemi
安居院,あげいん,agein
揚妻,あげつま,agetsuma
揚松,あげまつ,agematsu
阿向,あこう,akou
安居,あご,ago
阿佐,あさ,asa
浅生,あさいく,asaiku
浅海,あさうみ,asaumi
麻尾,あさお,asao
朝香,あさか,asaka
朝加,あさか,asaka
浅香山,あさかやま,asakayama
朝柄,あさがら,asagara
麻木,あさぎ,asagi
朝熊,あさくま,asakuma
朝古,あさこ,asako
浅師,あさし,asashi
麻嶋,あさじま,asajima
麻立,あさたち,asatachi
麻立,あさだち,asadachi
浅津,あさづ,asazu
浅中,あさなか,asanaka
浅西,あさにし,asanishi
浅海,あさのうみ,asanoumi
淺原,あさはら,asahara
朝輝,あさひ,asahi
朝日藤,あさひとう,asahitou
浅福,あさふく,asafuku
浅間,あさま,asama
阿佐美,あさみ,asami
淺村,あさむら,asamura
麻山,あさやま,asayama
朝和,あさわ,asawa
安座上,あざかみ,azakami
生明,あざみ,azami
蘆岡,あしおか,ashioka
芦川,あしかわ,ashikawa
足古,あしこ,ashiko
足田,あした,ashita
足立,あしだち,ashidachi
安次富,あしとみ,ashitomi
蘆野,あしの,ashino
足穂,あしほ,ashiho
蘆谷,あしや,ashiya
足羽,あしわ,ashiwa
味岡,あじおか,ajioka
味坂,あじさか,ajisaka
阿慈知,あじち,ajichi
安心院,あじむ,ajimu
明日佳,あすか,asuka
遊馬,あすま,asuma
小豆沢,あずきざわ,azukizawa
吾嬬,あずま,azuma
東木,あずまぎ,azumagi
東椰,あずまや,azumaya
東本,あずもと,azumoto
畔上,あぜうえ,azeue
畦地,あぜち,azechi
畔蒜,あぜびる,azebiru
相蘇,あそ,aso
浅生田,あそうだ,asouda
浅野目,あそのめ,asonome
丁嵐,あたあらし,ataarashi
愛宕,あたぎ,atagi
新野,あたの,atano
富,あたり,atari
安達,あだち,adachi
阿知波,あちな,achina
阿直,あぢき,ajiki
阿津川,あつかわ,atsukawa
渥田,あつた,atsuta
小豆畑,あつはた,atsuhata
厚村,あつむら,atsumura
阿津間,あづま,azuma
安殿,あて,ate
阿東,あとう,atou
跡田,あとだ,atoda
後守,あともり,atomori
穴穂,あなお,anao
穴沢,あなさわ,anasawa
穴原,あなはら,anahara
阿難,あなん,anan
姉ヶ山,あねがやま,anegayama
穴生,あのう,anou
安波連,あはれん,aharen
阿比留,あひるい,ahirui
阿比野,あびの,abino
安保,あぶ,abu
鎧,あぶみ,abumi
油野,あぶらの,aburano
阿部,あべ,abe
安部田,あべだ,abeda
英保,あぼ,abo
天晶,あまあき,amaaki
甘羽,あまう,amau
天海,あまかい,amakai
天河,あまかわ,amakawa
天笠,あまがさ,amagasa
天谷,あまがや,amagaya
阿麻橘,あまきつ,amakitsu
甘艸,あまくさ,amakusa
雨郡,あまごおり,amagoori
天璽,あまじるし,amajirushi
天竹,あまたけ,amatake
甘谷,あまだに,amadani
天使,あまつか,amatsuka
海土泊,あまどまり,amadomari
甘濃,あまの,amano
天早,あまはや,amahaya
奄美,あまみ,amami
甘本,あまもと,amamoto
天山,あまやま,amayama
阿見,あみ,ami
網沢,あみさわ,amisawa
阿見田,あみだ,amida
編野,あみの,amino
阿見弥,あみや,amiya
尼沢,あめざわ,amezawa
天谷,あめだに,amedani
雨水,あめみず,amemizu
天羽生,あもう,amou
斐,あや,aya
綾口,あやぐち,ayaguchi
絢世,あやせ,ayase
綾塔,あやとう,ayatou
綾藤,あやふじ,ayafuji
礼森,あやもり,ayamori
阿弓,あゆみ,ayumi
新家,あらいえ,araie
新井場,あらいば,araiba
新尾,あらお,arao
荒貝,あらがい,aragai
荒生,あらき,araki
荒城,あらぎ,aragi
新坂,あらさか,arasaka
新澤,あらざわ,arazawa
荒島,あらしま,arashima
新瀬,あらせ,arase
改田,あらた,arata
荒田,あらだ,arada
荒綱,あらつな,aratsuna
荒浪,あらなみ,aranami
荒原,あらはら,arahara
新舩,あらふね,arafune
新舞,あらまい,aramai
新美,あらみ,arami
荒森,あらもり,aramori
新美,あらよし,arayoshi
蟻泉,ありいずみ,ariizumi
蟻岡,ありおか,arioka
有ヶ谷,ありがたに,arigatani
蟻北,ありきた,arikita
在倉,ありぐら,arigura
蟻澤,ありさわ,arisawa
有嶋,ありしま,arishima
有住,ありずみ,arizumi
有谿,ありたに,aritani
有手,ありて,arite
有留,ありとめ,aritome
蟻乃,ありの,arino
在畠,ありはだ,arihada
有廣,ありひろ,arihiro
蟻松,ありまつ,arimatsu
有本,ありもと,arimoto
有屋田,ありやた,ariyata
有賀,あるが,aruga
荒牧,あれまき,aremaki
粟飯原,あわいいばら,awaiibara
阿波賀,あわが,awaga
粟澤,あわざわ,awazawa
阿波田,あわた,awata
粟辻,あわつじ,awatsuji
鮑谷,あわびたに,awabitani
安,あん,an
安食,あんくい,ankui
安西,あんさい,ansai
庵迫,あんざこ,anzako
安喰,あんじき,anjiki
安住,あんすみ,ansumi
安武,あんたけ,antake
安附,あんつき,antsuki
安仲,あんなか,annaka
庵乃下,あんのした,annoshita
安福,あんぷく,anpuku
安梅,あんめ,anme
安龍,あんりゅう,anryuu
猪井,いい,ii
飯垣,いいがき,iigaki
飯笹,いいざさ,iizasa
飯塚,いいずか,iizuka
飯塚,いいつか,iitsuka
飯波,いいなみ,iinami
飯淵,いいぶち,iibuchi
飯森,いいもり,iimori
井恵,いえ,ie
家子,いえこ,ieko
家田,いえた,ieta
家畠,いえはた,iehata
藺生,いおい,ioi
伊尾木,いおき,ioki
庵崎,いおざき,iozaki
伊王野,いおの,iono
印歌,いか,ika
五十川,いかがわ,ikagawa
桴谷,いかたに,ikatani
五十畑,いかはた,ikahata
井狩,いかり,ikari
鎧本,いかりもと,ikarimoto
居川,いかわ,ikawa
韓,いがき,igaki
伊ヶ崎,いがせき,igaseki
伊賀丸,いがまる,igamaru
井唐,いがら,igara
碇ヶ関,いがりがせき,igarigaseki
壹岐,いき,iki
生方,いきかた,ikikata
生嶋,いきしま,ikishima
生峰,いきみね,ikimine
生井,いくい,ikui
行木,いくき,ikuki
幾島,いくじま,ikujima
行武,いくたけ,ikutake
生友,いくとも,ikutomo
伊窪,いくぼ,ikubo
育村,いくむら,ikumura
以倉,いくら,ikura
井串,いぐし,igushi
弋,いぐるみ,igurumi
猪毛尾,いけお,ikeo
池方,いけがた,ikegata
池口,いけぐち,ikeguchi
生嶋,いけしま,ikeshima
池城,いけじろ,ikejiro
柳橋,いけた,iketa
池谷,いけだに,ikedani
池名,いけな,ikena
井家上,いけのうえ,ikenoue
池之端,いけのはた,ikenohata
池野元,いけのもと,ikenomoto
池原谷,いけはらたに,ikeharatani
池邊,いけべ,ikebe
池満,いけみつ,ikemitsu
池屋,いけや,ikeya
井ヶ田,いげた,igeta
伊香賀,いこうが,ikouga
井後,いご,igo
伊差,いさ,isa
井阪,いさか,isaka
伊咲,いさき,isaki
井砂,いさご,isago
伊佐芹,いさせり,isaseri
飲酒盃,いさはい,isahai
五老海,いさみ,isami
胆澤,いさわ,isawa
伊崎,いざき,izaki
伊在丸,いざまる,izamaru
石,いし,ishi
石氏,いしうじ,ishiuji
石過,いしか,ishika
磯貝,いしがい,ishigai
石ケ森,いしがもり,ishigamori
石切所,いしきりどころ,ishikiridokoro
石畝,いしくろ,ishikuro
石子,いしこ,ishiko
石郷岡,いしごおおか,ishigoooka
石嵜,いしざき,ishizaki
石島,いしじま,ishijima
石炭,いしずみ,ishizumi
石滝,いしたき,ishitaki
石地,いしち,ishichi
石附,いしづけ,ishizuke
石戸谷,いしとや,ishitoya
石中,いしなか,ishinaka
石之久保,いしのくぼ,ishinokubo
石浜,いしはま,ishihama
石端,いしばな,ishibana
石臥,いしぶし,ishibushi
猪嶌,いしま,ishima
石峰,いしみね,ishimine
伊謝堂,いしゃどう,ishadou
石良,いしら,ishira
石渡,いしわた,ishiwata
伊知地,いじち,ijichi
伊集,いじゅ,iju
一寸木,いすぎ,isugi
出井,いずい,izui
泉貴,いずき,izuki
泉谷,いずたに,izutani
泉妻,いずのめ,izunome
水出,いずみ,izumi
泉栄,いずみえ,izumie
和泉澤,いずみさわ,izumisawa
泉谷,いずみだに,izumidani
泉森,いずみもり,izumimori
出元,いずもと,izumoto
井畝,いせ,ise
井関,いせき,iseki
伊勢嶋,いせじま,isejima
井瀬谷,いせや,iseya
磯井,いそい,isoi
礒海,いそかい,isokai
磯上,いそがみ,isogami
磯崎,いそさき,isosaki
礒島,いそじま,isojima
礒津,いそづ,isozu
石曽根,いそね,isone
磯干,いそひ,isohi
礒間,いそま,isoma
磯谷,いそや,isoya
板石,いたいし,itaishi
井田倉,いたくら,itakura
板島,いたしま,itashima
板津呂,いたつろ,itatsuro
井渓,いたに,itani
板淵,いたぶち,itabuchi
伊田屋,いたや,itaya
生田,いだ,ida
井達,いだて,idate
一居,いちい,ichii
市江,いちえ,ichie
市金,いちかね,ichikane
市河,いちがわ,ichigawa
市木崎,いちきざき,ichikizaki
一郡,いちぐん,ichigun
市坂,いちさか,ichisaka
一嶋,いちしま,ichishima
一植庵,いちじゅうあん,ichijuuan
一双,いちそう,ichisou
市田山,いちだやま,ichidayama
市富,いちとみ,ichitomi
市野井,いちのい,ichinoi
市之菊,いちのぎく,ichinogiku
市ノ沢,いちのざわ,ichinozawa
一之坪,いちのつぼ,ichinotsubo
一の森,いちのもり,ichinomori
櫟原,いちはら,ichihara
一番屋,いちばんや,ichibanya
一法師,いちほうし,ichihoushi
市南,いちみなみ,ichiminami
一守,いちもり,ichimori
伊調,いちょう,ichou
一柳,いちりゆう,ichiriyuu
一角,いっかく,ikkaku
一色,いっしき,isshiki
一町,いっちょう,itchou
一宝,いっぽう,ippou
井対,いつい,itsui
伊津木,いつき,itsuki
厳島,いつくしま,itsukushima
五明,いつとも,itsutomo
泉田,いつみだ,itsumida
出石,いづいし,izuishi
伊津田,いづた,izuta
出町,いづまち,izumachi
井爪,いづめ,izume
射手園,いてぞの,itezono
出居,いでい,idei
井出川,いでがわ,idegawa
出沢,いでさわ,idesawa
井手谷,いでたに,idetani
井手野下,いでのした,idenoshita
出水,いでみ,idemi
井寺,いでら,idera
糸魚川,いといかわ,itoikawa
依藤,いとう,itou
伊藤田,いとうだ,itouda
伊時,いとき,itoki
糸州,いとす,itosu
糸貫,いとぬき,itonuki
井富,いとみ,itomi
糸山,いとやま,itoyama
井戸上,いどがみ,idogami
井戸之上,いどのうえ,idonoue
伊那,いな,ina
稲益,いなえき,inaeki
為永,いなが,inaga
稲毛,いなけ,inake
稲敷,いなしき,inashiki
鰰田,いなた,inata
稲津,いなづ,inazu
稲波,いななみ,inanami
印藤,いなふじ,inafuji
稲美,いなみ,inami
稲毛,いなも,inamo
稲原,いなわら,inawara
狗飼,いぬかい,inukai
犬彦,いぬひこ,inuhiko
井上,いねい,inei
稲沢,いねざわ,inezawa
稲生,いねなま,inenama
稲森,いねもり,inemori
伊野,いの,ino
猪上,いのうえ,inoue
井ノ尾,いのお,inoo
猪野頭,いのがしら,inogashira
稲熊,いのくま,inokuma
井崎,いのさき,inosaki
猪島,いのじま,inojima
猪鼻,いのはな,inohana
伊野辺,いのべ,inobe
井元,いのもと,inomoto
井端,いはた,ihata
伊原,いはら,ihara
井端,いばた,ibata
荊木,いばらぎ,ibaragi
蝦名,いびな,ibina
雪吹,いぶき,ibuki
五百,いほ,iho
今新,いまあらた,imaarata
今億,いまおく,imaoku
今給黎,いまぎゅうれ,imagyuure
今里,いまさと,imasato
今津,いまず,imazu
井町,いまち,imachi
今奈良,いまなら,imanara
今別府,いまべっぷ,imabeppu
今吉,いまよし,imayoshi
井名,いみょう,imyou
井藻,いも,imo
為本,いもと,imoto
弥富,いやどみ,iyadomi
伊興木,いよき,iyoki
猪野,いよの,iyono
井良沢,いらさわ,irasawa
入内島,いりうちしま,iriuchishima
入久戸,いりくど,irikudo
入田,いりだ,irida
入間田,いりまた,irimata
入鹿,いるか,iruka
伊波,いわ,iwa
岩井田,いわいた,iwaita
岩岡,いわおか,iwaoka
岩神,いわがみ,iwagami
井脇,いわぎ,iwagi
岩合,いわごう,iwagou
岩迫,いわさこ,iwasako
岩月,いわした,iwashita
岩津,いわず,iwazu
岩立,いわたて,iwatate
岩谷,いわだに,iwadani
岩手山,いわてさん,iwatesan
岩名地,いわなち,iwanachi
岩畑,いわはた,iwahata
岩舟,いわふね,iwafune
岩牧,いわまき,iwamaki
岩本,いわもと,iwamoto
印宮,いんぐう,inguu
印藤,いんとう,intou
因幡,いんばた,inbata
于,う,u
外良,ういろ,uiro
上後,うえうしろ,ueushiro
上垣内,うえかきうち,uekakiuchi
植垣,うえがき,uegaki
植北,うえきた,uekita
上口,うえぐち,ueguchi
上更家,うえさらいえ,uesaraie
上下,うえした,ueshita
植島,うえじま,uejima
上住谷,うえすみや,uesumiya
植囿,うえぞの,uezono
上渓,うえたに,uetani
上武,うえだけ,uedake
上続,うえつぎ,uetsugi
上戸,うえと,ueto
上永,うえなが,uenaga
宇恵野,うえの,ueno
上段,うえのだん,uenodan
上之坊,うえのぼう,uenobou
上刎,うえはね,uehane
上羽,うえばね,uebane
上船,うえふね,uefune
上升,うえます,uemasu
植村,うえむら,uemura
上柳,うえやぎ,ueyagi
植和田,うえわだ,uewada
魚返,うおがえし,uogaeshi
魚住,うおずみ,uozumi
魚波,うおなみ,uonami
魚家,うおや,uoya
宇賀治,うかじ,ukaji
有我,うが,uga
宇賀神,うがみ,ugami
鵜木,うき,uki
浮嶋,うきじま,ukijima
宇喜原,うきはら,ukihara
卯木,うぎ,ugi
請井,うけい,ukei
植竹,うけたけ,uketake
鵜子,うこ,uko
兎田谷,うさいだや,usaidaya
宇佐波,うさなみ,usanami
宇座,うざ,uza
牛衛,うしえ,ushie
牛河,うしかわ,ushikawa
牛熊,うしくま,ushikuma
牛崎,うしざき,ushizaki
牛抱,うしだき,ushidaki
牛之浜,うしのはま,ushinohama
牛堀,うしぼり,ushibori
宇秋,うしゅう,ushuu
後上,うしろうえ,ushiroue
後迫,うしろざこ,ushirozako
宇新明,うしんめい,ushinmei
宇治川,うじがわ,ujigawa
姓農,うじの,ujino
宇治宮,うじみや,ujimiya
氏原,うじわら,ujiwara
雨水,うすい,usui
薄,うすき,usuki
碓氷,うすごおり,usugoori
臼杵,うすつき,usutsuki
碓氷,うすひょう,usuhyou
噂江,うずえ,uzue
鶉,うずら,uzura
雅樂,うた,uta
唄川,うたがわ,utagawa
転,うたた,utata
歌房,うたふさ,utafusa
菟田,うだ,uda
宇田津,うだつ,udatsu
打出,うちいで,uchiide
内桶,うちおけ,uchioke
内海,うちがい,uchigai
家城,うちき,uchiki
内河内,うちごうち,uchigouchi
内杉,うちすぎ,uchisugi
内谷,うちたに,uchitani
内仲,うちなか,uchinaka
内野澤,うちのさわ,uchinosawa
射場,うちば,uchiba
内牧,うちまき,uchimaki
内元,うちもと,uchimoto
内和,うちわ,uchiwa
宇津尾,うつお,utsuo
宇津木,うつぎ,utsugi
打桐,うつぎり,utsugiri
宇津宮,うつのみや,utsunomiya
打味,うつみ,utsumi
宇津,うづ,uzu
臺,うてな,utena
烏藤,うとう,utou
羽鳥,うとり,utori
鵜渡瀬,うどせ,udose
宇那木,うなき,unaki
鵜名山,うなやま,unayama
鵜沼,うぬま,unuma
畝沖,うねおき,uneoki
宇根瀬,うねせ,unese
畝林,うねばやし,unebayashi
畦山,うねやま,uneyama
鵜納,うのう,unou
鵜沢,うのさわ,unosawa
卯ノ田,うのだ,unoda
宇野山,うのやま,unoyama
姥ヶ沢,うばがさわ,ubagasawa
優波離,うぱり,upari
宇吹,うぶき,ubuki
羽部,うべ,ube
馬狩,うまかり,umakari
馬崎,うまざき,umazaki
馬詰,うまづめ,umazume
馬渕,うまふち,umafuchi
馬渡,うまわた,umawata
海佐,うみさ,umisa
海藤,うみとう,umitou
海保,うみほ,umiho
梅市,うめいち,umeichi
楳垣,うめがき,umegaki
梅窪,うめくぼ,umekubo
梅實,うめざね,umezane
梅田,うめた,umeta
楳津,うめつ,umetsu
梅ノ木沢,うめのきざわ,umenokizawa
梅宮,うめみや,umemiya
羽毛田,うもうだ,umouda
羽山,うやま,uyama
裏隠居,うらいんきょ,urainkyo
浦川内,うらかわうち,urakawauchi
浦口,うらぐち,uraguchi
浦霜,うらしも,urashimo
裏田,うらだ,urada
浦永,うらなが,uranaga
浦馬場,うらばば,urababa
浦見,うらみ,urami
浦脇,うらわき,urawaki
瓜谷,うりたに,uritani
瓜生野,うりゅうの,uryuuno
閏木,うるき,uruki
漆畑,うるしはた,urushihata
漆本,うるしもと,urushimoto
漆間,うるま,uruma
卯路,うろ,uro
上口,うわぐち,uwaguchi
上田,うわだ,uwada
上保,うわほ,uwaho
運賀,うんが,unga
運藤,うんどう,undou
雲竜,うんりゅう,unryuu
瑛川,えいかわ,eikawa
榮喜,えいき,eiki
永業,えいごう,eigou
永阪,えいさか,eisaka
永寿,えいじゅ,eiju
栄田,えいだ,eida
永徳屋,えいとくや,eitokuya
栄羽,えいは,eiha
榎本,えいもと,eimoto
永立,えいりゅう,eiryuu
会賀,えが,ega
江嵐,えがらし,egarashi
駅,えき,eki
浴長,えきなが,ekinaga
江口,えくち,ekuchi
恵下,えげ,ege
江越,えごし,egoshi
江刺,えさし,esashi
江碕,えざき,ezaki
絵島,えしま,eshima
江洲,えす,esu
恵荘,えそう,esou
重谷,えたに,etani
枝川,えだがわ,edagawa
枝松,えだまつ,edamatsu
越後谷,えちごや,echigoya
栄津,えつ,etsu
越田,えつた,etsuta
江月,えづき,ezuki
江渡,えとう,etou
江戸網,えどあみ,edoami
衣奈,えな,ena
江浪,えなみ,enami
恵日,えにち,enichi
家江,えのえ,enoe
榎田,えのきだ,enokida
榎倉,えのぐら,enogura
絵野澤,えのざわ,enozawa
江野畑,えのはた,enohata
江本,えのもと,enomoto
江蓮,えはす,ehasu
江橋,えばし,ebashi
江花,えばな,ebana
海老井,えびい,ebii
鰕澤,えびさわ,ebisawa
蛯寿,えびす,ebisu
海老水,えびすい,ebisui
蛭子本,えびすもと,ebisumoto
鰕名,えびな,ebina
海老原,えびはら,ebihara
江袋,えぶくろ,ebukuro
江麻,えま,ema
江民,えみ,emi
慧猛,えみょう,emyou
荏本,えもと,emoto
江盛,えもり,emori
恵良田,えらた,erata
衿立,えりたて,eritate
円,えん,en
煙草,えんぐさ,engusa
円酒,えんしゅ,enshu
袁術,えんじゅつ,enjutsu
役末,えんずえ,enzue
園田,えんだ,enda
遠道,えんどう,endou
圓入,えんにゅう,ennyuu
閻魔,えんま,enma
圓本,えんもと,enmoto
呉,お,o
生井,おい,oi
尾井川,おいかわ,oikawa
尾池,おいけ,oike
生地,おいじ,oiji
笈田,おいだ,oida
小出,おいで,oide
生沼,おいぬま,oinuma
老松,おいまつ,oimatsu
奥武,おう,ou
王永,おうえい,ouei
扇迫,おうぎさこ,ougisako
扇柳,おうぎやなぎ,ougiyanagi
相坂,おうさか,ousaka
鶯生,おうしょう,oushou
横関,おうぜき,ouzeki
網田,おうだ,ouda
樗木,おうちぎ,ouchigi
桜庭,おうにわ,ouniwa
桜庭,おうば,ouba
近江川,おうみがわ,oumigawa
追矢,おうや,ouya
王鷲,おうわし,ouwashi
大赤見,おおあかみ,ooakami
大新垣,おおあらかき,ooarakaki
及川,おおいかわ,ooikawa
大井津,おおいづ,ooizu
大上野,おおうえの,ooueno
大浦方,おおうらかた,oourakata
近江,おおえ,ooe
大岡,おおおか,oooka
大海渡,おおかいと,ookaito
大薮,おおかず,ookazu
大川原,おおかはら,ookahara
大河内,おおかわち,ookawachi
大賀,おおが,ooga
大懸,おおがけ,oogake
大狼,おおがみ,oogami
大雁丸,おおがんまる,ooganmaru
大木戸,おおきど,ookido
大来,おおぎた,oogita
扇本,おおぎもと,oogimoto
大口,おおくち,ookuchi
大隅,おおくま,ookuma
大桑,おおくわ,ookuwa
大栗,おおぐり,ooguri
大嵩崎,おおこうざ,ookouza
大古殿,おおこでん,ookoden
大越,おおごし,oogoshi
大相模,おおさがみ,oosagami
大定,おおさだ,oosada
大﨑,おおざき,oozaki
大重,おおしげ,ooshige
大志保,おおしほ,ooshiho
大正,おおしょう,ooshou
大塩,おおじお,oojio
大数加,おおすか,oosuka
大住,おおすみ,oosumi
大瀬,おおせ,oose
大勢持,おおせもち,oosemochi
大薗,おおその,oosono
多田,おおた,oota
大多和,おおたかず,ootakazu
太田黒,おおたくろ,ootakuro
大竹野,おおたけの,ootakeno
応谷,おおたに,ootani
太田屋,おおたや,ootaya
大高,おおだか,oodaka
大多和,おおだわ,oodawa
大重,おおちょう,oochou
大津賀,おおつが,ootsuga
大槌,おおつち,ootsuchi
大積,おおつみ,ootsumi
巨砲,おおづつ,oozutsu
大手前,おおてまえ,ootemae
大登,おおと,ooto
大利,おおとし,ootoshi
鵬,おおとり,ootori
大戸井,おおどい,oodoi
大塘,おおども,oodomo
大長光,おおながみつ,oonagamitsu
大奈呂,おおなろ,oonaro
大丹生,おおにゅう,oonyuu
大根原,おおねはら,oonehara
大軒,おおのき,oonoki
大墓,おおはか,oohaka
大羽田,おおはた,oohata
大羽,おおはね,oohane
大硲,おおば,ooba
大幡,おおばた,oobata
大日方,おおひかた,oohikata
大日向,おおひむ,oohimu
大総,おおふさ,oofusa
大福,おおぶく,oobuku
大堀,おおほり,oohori
大曲,おおまげ,oomage
大松谷,おおまつや,oomatsuya
大豆田,おおまめだ,oomameda
大三,おおみ,oomi
大湊,おおみなと,oominato
大向江,おおむかえ,oomukae
大村谷,おおむらや,oomuraya
大桃,おおもも,oomomo
尾家,おおや,ooya
大安,おおやす,ooyasu
大藪,おおやぶ,ooyabu
大由利,おおゆり,ooyuri
樗木,おおらぎ,ooragi
大若松,おおわかまつ,oowakamatsu
大和久,おおわひさ,oowahisa
小粥,おかい,okai
岡賀,おかが,okaga
尾籠,おかご,okago
岡里,おかざと,okazato
岡治,おかじ,okaji
岡園,おかぞの,okazono
岡太,おかだ,okada
岡辻,おかつじ,okatsuji
岡中,おかなか,okanaka
岡之上,おかのうえ,okanoue
岡庭,おかば,okaba
刑部,おかべ,okabe
岡邑,おかむら,okamura
岡屋敷,おかやしき,okayashiki
小川原,おかわはら,okawahara
尾ケ口,おがくち,ogakuchi
尾潟,おがた,ogata
尾刃,おがた,ogata
小河原,おがはら,ogahara
小萱,おがや,ogaya
小川路,おがわじ,ogawaji
尾喜,おき,oki
沖垣,おきがき,okigaki
沖島,おきしま,okishima
沖薗,おきぞの,okizono
沖館,おきだて,okidate
奥菜,おきな,okina
翁長,おきなちょう,okinachou
沖羽,おきは,okiha
沖益,おきます,okimasu
沖森,おきもり,okimori
萩,おぎ,ogi
匂坂,おぎさか,ogisaka
小木曾,おぎそ,ogiso
扇能,おぎの,ogino
荻村,おぎむら,ogimura
億,おく,oku
奥枝,おくえだ,okueda
奥久保,おくくぼ,okukubo
奥迫,おくざこ,okuzako
奥嶋,おくじま,okujima
奥迫,おくせこ,okuseko
奧谷,おくたに,okutani
奧谷,おくだに,okudani
奥手,おくて,okute
奥名,おくな,okuna
奥ノ,おくの,okuno
奥野山,おくのやま,okunoyama
奥番,おくばん,okuban
小窪,おくぼ,okubo
奥深山,おくみやま,okumiyama
奥谷内,おくやち,okuyachi
小楠,おぐし,ogushi
尾熊,おぐま,oguma
小畔,おぐろ,oguro
桶作,おけさく,okesaku
桶原,おけはら,okehara
小此木,おこき,okoki
小此木,おこのき,okonoki
尾郷,おごう,ogou
越生,おごせ,ogose
長内,おさうち,osauchi
長壁,おさかべ,osakabe
尾前,おさき,osaki
小篠,おささ,osasa
押田,おさだ,osada
小佐野,おさの,osano
長見,おさみ,osami
尾澤,おさわ,osawa
尾碕,おざき,ozaki
尾座本,おざもと,ozamoto
押海,おしうみ,oshiumi
押方,おしがた,oshigata
押阪,おしざか,oshizaka
押多連,おしだれ,oshidare
押原,おしはら,oshihara
几,おしまずき,oshimazuki
押領司,おしりょう,oshiryou
小鹿,おじか,ojika
小篠,おじょう,ojou
押山,おすやま,osuyama
尾世川,おせがわ,osegawa
尾曽,おそ,oso
大曽根,おそね,osone
小副川,おぞえがわ,ozoegawa
小鷹,おたか,otaka
男武,おたけ,otake
小谷屋,おたにや,otaniya
恩田,おだ,oda
尾平,おだいら,odaira
小田切,おだきり,odakiri
尾立,おだち,odachi
小田野,おだの,odano
小田原,おだわら,odawara
落合堂,おちあいどう,ochiaidou
落畠,おちはた,ochihata
乙幡,おっぱん,oppan
尾辻,おつじ,otsuji
乙幡,おつはた,otsuhata
小塚,おづか,ozuka
生出,おで,ode
夫馬,おとうま,otouma
男石,おとこいし,otokoishi
乙重,おとしげ,otoshige
音成,おとなり,otonari
乙姫,おとひめ,otohime
音峯,おとみね,otomine
音綿,おとわた,otowata
行々林,おどろ,odoro
小長井,おながい,onagai
尾浪,おなみ,onami
鬼方,おにかた,onikata
鬼澤,おにさわ,onisawa
鬼武,おにだけ,onidake
鬼原,おにわら,oniwara
尾根沢,おねざわ,onezawa
小野池,おのいけ,onoike
小野江,おのえ,onoe
尾川,おのがわ,onogawa
尾之里,おのさと,onosato
小路,おのじ,onoji
小野塚,おのづか,onozuka
小野原,おのばら,onobara
小野目,おのめ,onome
小長谷,おはぜ,ohaze
大原,おはら,ohara
尾羽沢,おばざわ,obazawa
尾畑,おばた,obata
尾浜,おばま,obama
小番,おばん,oban
小比賀,おびか,obika
帶田,おびた,obita
帯山,おびやま,obiyama
小浮気,おぶき,obuki
小部,おべ,obe
朴木,おぼくき,obokuki
小勝,おまさ,omasa
御纏,おまとい,omatoi
小美川,おみかわ,omikawa
大見山,おみやま,omiyama
尾目,おめ,ome
面川,おもがわ,omogawa
面谷,おもたに,omotani
面川,おもてかわ,omotekawa
小本,おもと,omoto
重谷,おもや,omoya
大柳豆,おやいず,oyaizu
小谷沢,おやざわ,oyazawa
小柳津,おやなぎづ,oyanagizu
及川,およかわ,oyokawa
織衛,おりえ,orie
織笠,おりがさ,origasa
折茂,おりしげ,orishige
織谷,おりたに,oritani
桐戸,おりど,orido
折原,おりはら,orihara
折村,おりむら,orimura
雄竜,おりゅう,oryuu
尾路,おろ,oro
尾鷲,おわし,owashi
鴛海,おんかい,onkai
隠地,おんじ,onji
御園,おんぞの,onzono
恩地,おんち,onchi
音頭,おんどう,ondou
隠明寺,おんみょうじ,onmyouji
解,かい,kai
蟹江,かいえ,kaie
界外,かいがい,kaigai
海基,かいき,kaiki
開米,かいこめ,kaikome
甲斐沢,かいざわ,kaizawa
甲斐島,かいじま,kaijima
貝瀬,かいせ,kaise
甲斐田,かいた,kaita
飼田,かいだ,kaida
貝塚,かいつか,kaitsuka
鶏冠井,かいでい,kaidei
海徳,かいとく,kaitoku
海東,かいどう,kaidou
飼沼,かいねま,kainema
貝之瀬,かいのせ,kainose
飼馬,かいば,kaiba
海渕,かいふち,kaifuchi
海宝,かいほう,kaihou
貝増,かいます,kaimasu
階元,かいもと,kaimoto
解良,かいら,kaira
加内,かうち,kauchi
帰山,かえやま,kaeyama
抱,かかえ,kakae
甲賀,かが,kaga
加々島,かがしま,kagashima
鏡原,かがはら,kagahara
各務,かがみ,kagami
鏡橋,かがみはし,kagamihashi
加賀,かがや,kagaya
花川,かがわ,kagawa
甲木,かき,kaki
垣替,かきがえ,kakigae
柿ノ迫,かきさこ,kakisako
垣沢,かきざわ,kakizawa
柿園,かきぞの,kakizono
柿添,かきづえ,kakizue
柿根,かきね,kakine
柿本,かきのもとの,kakinomotono
柿部,かきべ,kakibe
我喜屋,かきや,kakiya
嘉義,かぎ,kagi
鍵中,かぎなか,kaginaka
鍵籔,かぎやぶ,kagiyabu
賀來,かく,kaku
覚王山,かくおうざん,kakuouzan
角至,かくし,kakushi
角谷,かくた,kakuta
加鬮山,かくちやま,kakuchiyama
角野,かくの,kakuno
覚張,かくばり,kakubari
鶴丸,かくまる,kakumaru
角森,かくもり,kakumori
加倉田,かくらた,kakurata
鹿倉,かぐら,kagura
夏珪,かけい,kakei
欠瀬,かけせ,kakese
掛野,かけの,kakeno
掛平,かけひら,kakehira
景家,かげいえ,kageie
影沢,かげさわ,kagesawa
影土井,かげどい,kagedoi
景政,かげまさ,kagemasa
勘解由,かげゆ,kageyu
囲,かこい,kakoi
加子崎,かこざき,kakozaki
籠生,かごう,kagou
鹿児嶌,かごしま,kagoshima
篭野,かごの,kagono
籠谷,かごや,kagoya
葛,かさい,kasai
笠岡,かさおか,kasaoka
葛城,かさぎ,kasagi
笠谷,かさたに,kasatani
重川,かさねがわ,kasanegawa
笠巻,かさまき,kasamaki
笠矢,かさや,kasaya
風浦,かざうら,kazaura
架間,かざま,kazama
嘉沢,かざわ,kazawa
香詩,かしい,kashii
樫川,かしかわ,kashikawa
柏口,かしぐち,kashiguchi
菓子谷,かしたに,kashitani
樫野,かしの,kashino
花新発,かしば,kashiba
加嶋,かしま,kashima
鹿志村,かしむら,kashimura
樫八重,かしやえ,kashiyae
嘉祥寺谷,かしょうじや,kashoujiya
樫木,かしわぎ,kashiwagi
柏舘,かしわだて,kashiwadate
柏村,かしわむら,kashiwamura
揖,かじ,kaji
可知,かじ,kaji
梶野,かじお,kajio
家治川,かじかわ,kajikawa
楮木,かじき,kajiki
鍛治澤,かじさわ,kajisawa
楫田,かじた,kajita
楫取,かじとり,kajitori
鍜治畑,かじはた,kajihata
梶原,かじばら,kajibara
梶間谷,かじまたに,kajimatani
鍛本,かじもと,kajimoto
鍛治屋敷,かじやしき,kajiyashiki
嘉祥,かじょう,kajou
賀須井,かすい,kasui
鎹,かすがい,kasugai
斯波,かすば,kasuba
粕屋,かすや,kasuya
數江,かずえ,kazue
上総,かずさ,kazusa
一杉,かずすぎ,kazusugi
薮野,かずの,kazuno
数馬田,かずまた,kazumata
員本,かずもと,kazumoto
加瀬,かせ,kase
加勢川,かせがわ,kasegawa
風無,かせな,kasena
風,かぜ,kaze
風早,かぜはや,kazehaya
加須,かぞ,kazo
方井,かたい,katai
形浦,かたうら,kataura
片鎌,かたかま,katakama
樫木,かたき,kataki
荷澤,かたく,kataku
片澤,かたざわ,katazawa
片谷,かたたに,katatani
刀沢,かたなざわ,katanazawa
片野,かたの,katano
片場,かたば,kataba
片淵,かたぶち,katabuchi
形湖,かたみ,katami
片谷,かたや,kataya
刈田,かたり,katari
加智,かち,kachi
歩田,かちだ,kachida
梶川,かぢかわ,kajikawa
勝亦,かつあ,katsua
葛岡,かつおか,katsuoka
加筑,かつき,katsuki
勝島,かつしま,katsushima
勝連,かつづれ,katsuzure
勝羽,かつは,katsuha
勝部,かつべ,katsube
勝亦,かつまと,katsumato
勝森,かつもり,katsumori
曾良,かつら,katsura
桂下,かつらした,katsurashita
勝呂,かつろ,katsuro
加津間,かづま,kazuma
嘉手納,かでな,kadena
可藤,かとう,katou
加藤岡,かとうおか,katouoka
加登島,かとしま,katoshima
下鳥,かとり,katori
門居,かどい,kadoi
角岡,かどおか,kadooka
門口,かどくち,kadokuchi
門司,かどし,kadoshi
楞谷,かどたに,kadotani
門根,かどね,kadone
角張,かどはり,kadohari
門松,かどまつ,kadomatsu
角森,かどもり,kadomori
角力,かどりき,kadoriki
金居田,かないだ,kanaida
金枝上,かなえがみ,kanaegami
金垣,かながき,kanagaki
金倉,かなくら,kanakura
金指,かなさし,kanasashi
金島,かなしま,kanashima
金平,かなだいら,kanadaira
金床,かなとこ,kanatoko
神藤,かなふじ,kanafuji
香波,かなみ,kanami
金元,かなもと,kanamoto
嘉成,かなり,kanari
鹿児島,かにしま,kanishima
兼,かね,kane
金枝,かねえだ,kaneeda
鐘ヶ江,かねがえ,kanegae
金藏,かねくら,kanekura
金今,かねこん,kanekon
兼次,かねし,kaneshi
金上,かねじょう,kanejou
金田,かねだ,kaneda
金作,かねつくり,kanetsukuri
金銅,かねどう,kanedou
兼久,かねひさ,kanehisa
並松,かねまつ,kanematsu
金盛,かねもり,kanemori
鹿能,かの,kano
家納,かのう,kanou
叶,かのお,kanoo
鹿野田,かのだ,kanoda
家原,かはら,kahara
加羽澤,かばさわ,kabasawa
蒲池,かばち,kabachi
蕪岡,かぶおか,kabuoka
甲山,かぶとやま,kabutoyama
鏑木,かぶらやぎ,kaburayagi
下保,かほ,kaho
鎌内,かまうち,kamauchi
釜崎,かまさき,kamasaki
狩俣,かまた,kamata
釜土,かまつち,kamatsuchi
鎌谷,かまや,kamaya
神位,かみい,kamii
上鵜瀬,かみうせ,kamiuse
神尾,かみお,kamio
神風,かみかぜ,kamikaze
上垣内,かみがいと,kamigaito
神岸,かみきし,kamikishi
髪口,かみぐち,kamiguchi
上小鶴,かみこづる,kamikozuru
上里,かみさと,kamisato
神沢,かみざわ,kamizawa
上代,かみしろ,kamishiro
上条,かみじょう,kamijou
上関,かみぜき,kamizeki
上滝,かみたき,kamitaki
神立,かみだち,kamidachi
上月,かみづき,kamizuki
上登能,かみとの,kamitono
神永,かみなが,kaminaga
加味根,かみね,kamine
上野山,かみのやま,kaminoyama
上畠,かみばたけ,kamibatake
神部,かみべ,kamibe
上道,かみみち,kamimichi
上本野,かみもとの,kamimotono
上保,かみやす,kamiyasu
上吉,かみよし,kamiyoshi
可村,かむら,kamura
亀卦川,かめかがわ,kamekagawa
亀沢,かめさわ,kamesawa
亀渕,かめぶち,kamebuchi
鹿毛,かも,kamo
鴨作,かもさく,kamosaku
嘉元,かもと,kamoto
歌門,かもん,kamon
加舎,かや,kaya
萱島,かやじま,kayajima
茅野,かやの,kayano
嘉彌真,かやま,kayama
栢森,かやもり,kayamori
勘米良,かよら,kayora
唐木田,からきた,karakita
辛嶋,からしま,karashima
唐津,からず,karazu
華理,かり,kari
狩沢,かりざわ,karizawa
軽部,かりぶ,karibu
仮屋崎,かりやざき,kariyazaki
軽墓,かるはか,karuhaka
家老,かろう,karou
河石,かわいし,kawaishi
川岡,かわおか,kawaoka
唐木,かわき,kawaki
河雲,かわくも,kawakumo
河込,かわごめ,kawagome
合志,かわし,kawashi
川路,かわじ,kawaji
川図,かわず,kawazu
河底,かわそこ,kawasoko
川和田,かわだ,kawada
河津,かわつ,kawatsu
河戸,かわと,kawato
川那,かわな,kawana
川那辺,かわなべ,kawanabe
狩野,かわの,kawano
河端,かわはた,kawahata
河原林,かわはらはやし,kawaharahayashi
川東,かわひがし,kawahigashi
河戸,かわべ,kawabe
川松,かわまつ,kawamatsu
川目,かわめ,kawame
川守田,かわもりだ,kawamorida
瓦木南,かわらぎみなみ,kawaragiminami
川脇,かわわき,kawawaki
神余,かんあまる,kanamaru
寒河江,かんがえ,kangae
桓公,かんこう,kankou
金崎,かんざき,kanzaki
神澤,かんざわ,kanzawa
勘定,かんじょう,kanjou
菅田,かんだ,kanda
菅頭,かんとう,kantou
間藤,かんどう,kandou
巫部,かんなぎ,kannagi
舘野,かんの,kanno
神納,かんのう,kannou
神場矢,かんばや,kanbaya
寒曳,かんびき,kanbiki
神前,かんまえ,kanmae
神山,かんやま,kanyama
外戸,がいと,gaito
学田,がくた,gakuta
賀子,がこ,gako
潟永,がたなが,gatanaga
我戸,がと,gato
蒲生,がませい,gamasei
柄沢,がらさわ,garasawa
元女,がんに,ganni
姫,き,ki
紀伊馬,きいま,kiima
喜浦,きうら,kiura
木奥,きおく,kioku
吉川,きかわ,kikawa
鬼頭,きがしら,kigashira
聞間,ききま,kikima
菊庵,きくあん,kikuan
菊川,きくがわ,kikugawa
菊地,きくじ,kikuji
菊池,きくち,kikuchi
纐纈,きくとじ,kikutoji
菊場,きくば,kikuba
菊森,きくもり,kikumori
菊若,きくわか,kikuwaka
亀甲,きこう,kikou
木佐,きさ,kisa
木咲,きさき,kisaki
幾左田,きさだ,kisada
木澤,きさわ,kisawa
鬼澤,きざわ,kizawa
喜志,きし,kishi
岸上,きしがみ,kishigami
岸高,きしたか,kishitaka
岸野,きしの,kishino
岸邊,きしべ,kishibe
岸峰,きしみね,kishimine
喜如嘉,きしょか,kishoka
奇二,きじ,kiji
來島,きじま,kijima
木城,きじょう,kijou
来栖,きすみ,kisumi
来住,きずみ,kizumi
喜世盛,きせもり,kisemori
木曽谷,きそたに,kisotani
北秋,きたあき,kitaaki
紀平,きたいら,kitaira
北折,きたお,kitao
北角,きたかく,kitakaku
北ヶ市,きたがいち,kitagaichi
喜多川,きたがわ,kitagawa
北隈,きたくま,kitakuma
北里,きたさと,kitasato
北芝,きたしば,kitashiba
喜多島,きたじま,kitajima
北角,きたずみ,kitazumi
北薗,きたぞの,kitazono
北檀,きただん,kitadan
木立,きたて,kitate
北成,きたなり,kitanari
貴多野,きたの,kitano
北野原,きたのはら,kitanohara
喜多幅,きたはば,kitahaba
北広,きたひろ,kitahiro
北澗,きたま,kitama
喜多美川,きたみがわ,kitamigawa
木田村,きたむら,kitamura
北屋,きたや,kitaya
北脇,きたわき,kitawaki
綺田,きだ,kida
木滝,きだき,kidaki
吉池,きちいけ,kichiike
吉祥,きちじょう,kichijou
吉場,きちば,kichiba
吉留,きちる,kichiru
吉相,きっそう,kissou
木束地,きつかじ,kitsukaji
鬼辻,きつじ,kitsuji
橘野,きつの,kitsuno
城,きづき,kizuki
紀寺,きでら,kidera
紀籐,きとう,kitou
木寅,きとら,kitora
紀,きど,kido
木戸内,きどうち,kidouchi
喜殿,きどの,kidono
喜中,きなか,kinaka
木庭,きにわ,kiniwa
貴貫,きぬき,kinuki
絹見,きぬみ,kinumi
杵渕,きねふち,kinefuchi
吉野,きの,kino
木江,きのえ,kinoe
喜熨斗,きのし,kinoshi
紀貫之,きのつらゆき,kinotsurayuki
木之村,きのむら,kinomura
木畠,きはた,kihata
木原山,きはらやま,kiharayama
気比,きひ,kihi
稷山,きびやま,kibiyama
木伏,きぶせ,kibuse
輝北,きほく,kihoku
木又,きまた,kimata
公文,きみあや,kimiaya
木見尻,きみじり,kimijiri
基峰,きみね,kimine
菊田,きむた,kimuta
木牟禮,きむれ,kimure
紀本,きもと,kimoto
客井,きゃくい,kyakui
氣谷,きや,kiya
喜屋原,きやはら,kiyahara
歸山,きやま,kiyama
亀,きゅう,kyuu
久故,きゅうこ,kyuuko
久勢,きゅうせ,kyuuse
休徳,きゅうとく,kyuutoku
旧部,きゅうべ,kyuube
喜友名,きゆうな,kiyuuna
喬,きょう,kyou
経ヶ坂,きょうがさか,kyougasaka
京嶌,きょうしま,kyoushima
京谷,きょうたに,kyoutani
今日泊,きょうどまり,kyoudomari
饗庭,きょうば,kyouba
鏡味,きょうみ,kyoumi
京谷,きょうや,kyouya
協和,きょうわ,kyouwa
吉良,きよ,kiyo
清蔭,きよかげ,kiyokage
清定,きよさだ,kiyosada
清島,きよしま,kiyoshima
浄園,きよぞの,kiyozono
清鶴,きよつる,kiyotsuru
木代成,きよなり,kiyonari
清船,きよふね,kiyofune
清水川,きよみずかわ,kiyomizukawa
木羅,きら,kira
切井,きりい,kirii
桐ヶ久保,きりがくぼ,kirigakubo
桐越,きりごし,kirigoshi
桐生,きりしょう,kirishou
切戸,きりど,kirido
霧原,きりはら,kirihara
切本,きりもと,kirimoto
城里生,きりゅう,kiryuu
木輪,きわ,kiwa
木波本,きわもと,kiwamoto
金武川,きんがわ,kingawa
近郷,きんごう,kingou
金成,きんじょう,kinjou
金辻,きんつじ,kintsuji
金箱,きんばこ,kinbako
金立,きんりゅう,kinryuu
儀三武,ぎさぶ,gisabu
義藤,ぎとう,gitou
儀武,ぎぶ,gibu
逆井,ぎゃくい,gyakui
行田,ぎょうた,gyouta
刑部,ぎょうべ,gyoube
銀澤,ぎんさわ,ginsawa
区,く,ku
杭野,くいの,kuino
九鬼,くおに,kuoni
苦爪,くが,kuga
久加天,くがてん,kugaten
久木井,くきい,kukii
柊原,くきはら,kukihara
釘嶋,くぎしま,kugishima
久々津,くくつ,kukutsu
久々山,くぐやま,kuguyama
九後,くご,kugo
匂坂,くさか,kusaka
日下辺,くさかべ,kusakabe
草木,くさき,kusaki
草住,くさずみ,kusazumi
草処,くさどころ,kusadokoro
日鼻,くさはな,kusahana
草深,くさぶか,kusabuka
幵分,くさわけ,kusawake
久志井,くしい,kushii
櫛毛,くしげ,kushige
忽那,くしな,kushina
串渕,くしぶち,kushibuchi
串本,くしもと,kushimoto
鯨井,くじい,kujii
九十歩,くじゅうぶ,kujuubu
玖須,くす,kusu
楠清,くすきよ,kusukiyo
楠照,くすてる,kusuteru
楠美,くすのび,kusunobi
久隅,くすみ,kusumi
楠屋,くすや,kusuya
葛上,くずかみ,kuzukami
葛根,くずね,kuzune
久住,くずみ,kuzumi
久世,くせ,kuse
久谷,くたに,kutani
下松,くだまつ,kudamatsu
久地井,くちい,kuchii
口寸保,くちすぼ,kuchisubo
口広,くちひろ,kuchihiro
沓冠,くつかむり,kutsukamuri
朽名,くつな,kutsuna
久積,くつみ,kutsumi
久津屋,くづや,kuzuya
久徳,くとく,kutoku
久遠,くどう,kudou
久姓木,くなぎ,kunagi
国浦,くにうら,kuniura
国包,くにかね,kunikane
國京,くにきょう,kunikyou
国崎,くにさき,kunisaki
国司,くにし,kunishi
国栖,くにす,kunisu
国谷,くにたに,kunitani
國戸,くにと,kunito
国冨,くにとみ,kunitomi
國乘,くにのり,kuninori
国府田,くにふだ,kunifuda
国見,くにみ,kunimi
國保,くにやす,kuniyasu
国分,くにわけ,kuniwake
椚山,くぬぎやま,kunugiyama
久納,くのう,kunou
九里,くのり,kunori
久末,くひさ,kuhisa
久保木,くほき,kuhoki
公方,くぼう,kubou
窪川,くぼがわ,kubogawa
窪島,くぼしま,kuboshima
久保,くぼた,kubota
久保根,くぼね,kubone
久保宮,くぼみや,kubomiya
粂,くま,kuma
熊河,くまかわ,kumakawa
隈河,くまがわ,kumagawa
熊坂,くまさか,kumasaka
熊谷,くまずい,kumazui
熊代,くまだい,kumadai
熊ノ郷,くまのごう,kumanogou
隈武,くまべ,kumabe
熊安,くまやす,kumayasu
組澤,くみさわ,kumisawa
伍,くむ,kumu
久米澤,くめさわ,kumesawa
雲井,くもい,kumoi
雲谷,くもたに,kumotani
曇,くもり,kumori
内蔵,くら,kura
倉内,くらうち,kurauchi
蔵方,くらかた,kurakata
倉垣,くらがき,kuragaki
藏口,くらくち,kurakuchi
倉澤,くらさわ,kurasawa
倉科,くらしな,kurashina
蔵杉,くらすぎ,kurasugi
倉滝,くらたき,kurataki
倉津,くらつ,kuratsu
藏當,くらとう,kuratou
倉永,くらなが,kuranaga
倉野,くらの,kurano
倉林,くらはやし,kurahayashi
蔵淵,くらぶち,kurabuchi
蔵升,くらます,kuramasu
藏満,くらみつ,kuramitsu
蔵守,くらもり,kuramori
久良良,くらら,kurara
栗生沢,くりうざわ,kuriuzawa
操上,くりがみ,kurigami
栗嵜,くりさき,kurisaki
栗須谷,くりすたに,kurisutani
操野,くりの,kurino
栗原,くりばら,kuribara
栗村,くりむら,kurimura
久龍,くりゅう,kuryuu
耒嶋,くるしま,kurushima
来田,くるた,kuruta
車石,くるまいし,kurumaishi
来丸,くるまる,kurumaru
久米,くるめ,kurume
昏上,くれがみ,kuregami
榑沼,くれぬま,kurenuma
久連松,くれまつ,kurematsu
久連山,くれやま,kureyama
黒水,くろうず,kurouzu
黒髪,くろかみ,kurokami
黒木,くろぎ,kurogi
黒坂,くろさか,kurosaka
黒須,くろす,kurosu
黒瀧,くろたき,kurotaki
黒中,くろなか,kuronaka
黒羽,くろば,kuroba
黒宮,くろみや,kuromiya
黒藪,くろやぶ,kuroyabu
桑川,くわかわ,kuwakawa
桑沢,くわさわ,kuwasawa
加園,くわその,kuwasono
桑鶴,くわつる,kuwatsuru
鍬農,くわの,kuwano
桑林,くわばやし,kuwabayashi
桑理,くわり,kuwari
具志堅,ぐしかた,gushikata
具藤,ぐとう,gutou
軍侍,ぐんじ,gunji
軍司,ぐんぢ,gunji
系井,けい,kei
慶越,けいごえ,keigoe
境谷,けいたに,keitani
系野,けいの,keino
慶本,けいもと,keimoto
毛受,けうけ,keuke
畩ヶ山,けさがやま,kesagayama
気仙,けせん,kesen
結縁,けちえん,kechien
外戸口,けどぐち,kedoguchi
毛馬,けま,kema
家本,けもと,kemoto
家良田,けらだ,kerada
見學,けんがく,kengaku
剱山,けんざん,kenzan
兼定,けんじょう,kenjou
見達,けんたつ,kentatsu
兼次,けんつぐ,kentsugu
見物,けんぶつ,kenbutsu
見目,けんめ,kenme
間持,けんもつ,kenmotsu
釼吉,けんよし,kenyoshi
夏至,げし,geshi
下道,げどう,gedou
玄岡,げんおか,genoka
源九,げんく,genku
源氏,げんじ,genji
権田,げんだ,genda
源藤,げんどう,gendou
元文,げんぶん,genbun
呼,こ,ko
小阿瀬,こあせ,koase
小居,こい,koi
小井口,こいぐち,koiguchi
小石倉,こいしくら,koishikura
小泉,こいずみ,koizumi
古井田,こいだ,koida
小出,こいで,koide
小井沼,こいぬま,koinuma
小色,こいろ,koiro
甲,こう,kou
更衣,こうい,koui
光永,こうえい,kouei
江花,こうか,kouka
黄河,こうが,kouga
甲木,こうき,kouki
高家,こうけ,kouke
高下,こうげ,kouge
光郷,こうごう,kougou
光坂,こうさか,kousaka
幸崎,こうさき,kousaki
光崎,こうざき,kouzaki
幸繁,こうしげ,koushige
甲洲,こうしゅう,koushuu
幸嶋,こうじ,kouji
糀畑,こうじはた,koujihata
糀谷,こうじや,koujiya
幸尻,こうじり,koujiri
興津,こうず,kouzu
口石,こうせき,kouseki
高曽,こうそ,kouso
河添,こうぞえ,kouzoe
上瀧,こうたき,koutaki
行田,こうだ,kouda
廣田,こうだ,kouda
神立,こうだち,koudachi
好地,こうち,kouchi
光忠,こうちゅう,kouchuu
弘津,こうづ,kouzu
神津島,こうづしま,kouzushima
向当,こうとう,koutou
講堂,こうどう,koudou
甲怒,こうぬ,kounu
川野,こうの,kouno
河野,こうの,kouno
河埜内,こうのうち,kounouchi
鴻丸,こうのまる,kounomaru
広浜,こうはま,kouhama
紅林,こうばやし,koubayashi
幸福,こうふく,koufuku
江部,こうべ,koube
高麗,こうま,kouma
近江,こうみ,koumi
甲村,こうむら,koumura
河本,こうもと,koumoto
幸屋,こうや,kouya
桑山,こうやま,kouyama
幸良,こうら,koura
高力,こうりき,kouriki
興呂木,こうろぎ,kourogi
小浴,こえき,koeki
越地,こえち,koechi
声元,こえもと,koemoto
高坂,こおさか,koosaka
幸野,こおの,koono
興梠,こおろき,kooroki
小柏,こかしわ,kokashiwa
小金,こかね,kokane
粉川谷,こかわだに,kokawadani
甲賀,こが,koga
古賀坂,こがさか,kogasaka
小ヶ内,こがち,kogachi
小金澤,こがねざわ,koganezawa
幸上,こがみ,kogami
凩,こがらし,kogarashi
五木田,こきた,kokita
小木曽,こぎぞ,kogizo
石大,こくお,kokuo
小楠,こくす,kokusu
小口,こくち,kokuchi
国府,こくふ,kokufu
国鋒,こくほう,kokuhou
国力,こくりき,kokuriki
小口,こぐち,koguchi
小塊,こぐれ,kogure
小桧山,こけやま,kokeyama
小々高,ここだか,kokodaka
小越,こごえ,kogoe
小作井,こさい,kosai
小酒井,こさかい,kosakai
小崎川,こさきがわ,kosakigawa
小郷,こさと,kosato
小財,こざい,kozai
湖崎,こざき,kozaki
古座野,こざの,kozano
小志,こし,koshi
越尾,こしお,koshio
越ヶ谷,こしがや,koshigaya
小此木,こしぎ,koshigi
腰沢,こしざわ,koshizawa
児下,こした,koshita
腰冢,こしづか,koshizuka
越廼,こしの,koshino
腰原,こしばら,koshibara
越前谷,こしまえや,koshimaeya
腰巡,こしめぐり,koshimeguri
古性,こしょう,koshou
小四朗丸,こしろうまる,koshiroumaru
小路田,こじた,kojita
小嶌,こじま,kojima
古庄,こじょう,kojou
孤杉,こすぎ,kosugi
小寿田,こすだ,kosuda
小槌,こずち,kozuchi
胡適,こせき,koseki
戸設,こせつ,kosetsu
古閑,こぜき,kozeki
小園,こその,kosono
古田,こた,kota
小田木,こたぎ,kotagi
古田嶋,こたじま,kotajima
木谷,こたに,kotani
小田部,こたべ,kotabe
小平,こだいら,kodaira
小田嶋,こだしま,kodashima
小棚,こだな,kodana
小段,こだん,kodan
東風平,こちひら,kochihira
古塚,こつか,kotsuka
小角,こつの,kotsuno
木造,こづくり,kozukuri
小津和,こづわ,kozuwa
小出,こで,kode
戸藤,ことう,kotou
小豆畑,ことうばたけ,kotoubatake
小道世,ことせ,kotose
琴本,こともと,kotomoto
児堂,こどう,kodou
小中居,こなかい,konakai
小長谷,こながや,konagaya
小並,こなみ,konami
兒新,こにい,konii
国本,こにもと,konimoto
狐野,この,kono
近衛,このえ,konoe
鮗,このしろ,konoshiro
小延,このべ,konobe
此和,このわ,konowa
小橋口,こはしぐち,kohashiguchi
小花,こはな,kohana
小原沢,こはらざわ,koharazawa
小箱,こばこ,kobako
小端,こばた,kobata
小早川,こばやがわ,kobayagawa
小肥,こひ,kohi
小日向,こひなた,kohinata
小平沢,こひらさわ,kohirasawa
古挽,こびき,kobiki
小平,こびら,kobira
古閑,こふせ,kofuse
小袋,こぶくろ,kobukuro
小船谷,こぶなや,kobunaya
小別当,こべっとう,kobettou
小保田,こぼた,kobota
巨摩,こま,koma
古前田,こまえだ,komaeda
駒城,こまき,komaki
駒米,こまごめ,komagome
小桝,こます,komasu
駒津,こまつ,komatsu
小松平,こまつだいら,komatsudaira
駒場,こまば,komaba
小馬谷,こまや,komaya
古御門,こみかど,komikado
込戸,こみと,komito
小美濃,こみの,komino
小宮山,こみやま,komiyama
小武方,こむかた,komukata
小邨,こむら,komura
古明治,こめいじ,komeiji
米島,こめしま,komeshima
米根,こめね,komene
米盛,こめもり,komemori
古望,こもう,komou
菰田,こもだ,komoda
菰原,こもはら,komohara
小守林,こもりばやし,komoribayashi
姑射,こや,koya
小屋垣内,こやがいと,koyagaito
古屋鋪,こやしき,koyashiki
小谷田,こやだ,koyada
小柳津,こやなぎつ,koyanagitsu
込山,こやま,koyama
小屋松,こやまつ,koyamatsu
小要,こよう,koyou
凝重,こりしげ,korishige
是國,これくに,korekuni
是次,これつぐ,koretsugu
是行,これゆき,koreyuki
転,ころび,korobi
小圷,こわくつ,kowakutsu
権,こん,kon
金綱,こんごう,kongou
紺世,こんせ,konse
紺多,こんだ,konda
近渡,こんど,kondo
金筒,こんどう,kondou
紺原,こんばら,konbara
紺屋,こんや,konya
後,ご,go
碁石,ごいし,goishi
呉,ごう,gou
逢坂,ごうさか,gousaka
牛頭,ごうず,gouzu
幸田,ごうだ,gouda
郷東,ごうとう,goutou
郷之丸,ごうのまる,gounomaru
合馬,ごうま,gouma
郷良,ごうら,goura
後円融,ごえんゆう,goenyuu
五勝出,ごかつで,gokatsude
合ヶ坪,ごがつぼ,gogatsubo
後久,ごきゅう,gokyuu
五家,ごけ,goke
後々田,ごごた,gogota
五色,ごしき,goshiki
五枡本,ごしょうもと,goshoumoto
五嶋,ごじま,gojima
後城,ごじろ,gojiro
呉谷,ごたに,gotani
小舘,ごだて,godate
五坪,ごつぼ,gotsubo
伍藤,ごとう,gotou
五嶋屋,ごとうや,gotouya
五内川,ごないかわ,gonaikawa
河之口,ごのくち,gonokuchi
五百蔵,ごひゃくぞう,gohyakuzou
五寶,ごほう,gohou
五枚橋,ごまいばし,gomaibashi
五万戸,ごまんど,gomando
五名,ごみょう,gomyou
胡屋,ごや,goya
五里川原,ごりがわら,gorigawara
五良水,ごろうすい,gorousui
権現領,ごんげんりょう,gongenryou
権随,ごんずい,gonzui
権名津,ごんなず,gonnazu
左合,さあい,saai
才一,さいいち,saiichi
齊賀,さいか,saika
西海土,さいかち,saikachi
斎官,さいかん,saikan
犀川,さいがわ,saigawa
西木,さいき,saiki
七種,さいくさ,saikusa
才光,さいこう,saikou
斉坂,さいさか,saisaka
七種,さいしゅ,saishu
斎信,さいしん,saishin
斉条,さいじょう,saijou
道祖瀬戸,さいせと,saiseto
齋谷,さいたに,saitani
幸田,さいだ,saida
齊戸,さいと,saito
斎籐,さいとう,saitou
宰東,さいとう,saitou
齊野,さいの,saino
才峠,さいのと,sainoto
哉原,さいはら,saihara
才保,さいほ,saiho
再名生,さいみょう,saimyou
税本,さいもと,saimoto
西邑,さいゆう,saiyuu
左右田,さうた,sauta
小枝,さえぐさ,saegusa
小尾,さお,sao
竿野,さおの,saono
左甲斐,さかい,sakai
佐海,さかい,sakai
境谷,さかいたに,sakaitani
境堀,さかいぼり,sakaibori
阪植,さかうえ,sakaue
栄座,さかえざ,sakaeza
阪奥,さかおく,sakaoku
酒木,さかき,sakaki
榊原,さかきはら,sakakihara
坂口,さかぐち,sakaguchi
阪崎,さかざき,sakazaki
坂尻,さかじり,sakajiri
佐方,さかた,sakata
坂詰,さかつみ,sakatsumi
坂富,さかとみ,sakatomi
坂永,さかなが,sakanaga
酒主,さかぬし,sakanushi
坂上,さかのうえ,sakanoue
坂東,さかひがし,sakahigashi
坂間,さかま,sakama
坂丸,さかまる,sakamaru
阪村,さかむら,sakamura
境谷,さかや,sakaya
坂従,さかより,sakayori
酒匂川,さかわがわ,sakawagawa
佐賀井,さがい,sagai
佐潟,さがた,sagata
相谷,さがや,sagaya
相良屋,さがらや,sagaraya
崎,さき,saki
榊枝,さきえだ,sakieda
崎久保,さきくぼ,sakikubo
崎薗,さきぞの,sakizono
崎津,さきつ,sakitsu
先花,さきはな,sakihana
佐喜真,さきま,sakima
鷺谷,さきや,sakiya
佐近,さきん,sakin
鷺田,さぎた,sagita
作,さく,saku
作古,さくこ,sakuko
作出,さくで,sakude
差久保,さくぼ,sakubo
左雲,さくも,sakumo
佐鞍,さくら,sakura
櫻岡,さくらおか,sakuraoka
桜崎,さくらざき,sakurazaki
桜谷,さくらだに,sakuradani
桜畑,さくらはた,sakurahata
櫻又,さくらまた,sakuramata
左口,さぐち,saguchi
鮭延,さけのべ,sakenobe
下ヶ橋,さげはし,sagehashi
佐鯉,さこい,sakoi
岶尾,さこお,sakoo
佐古田,さこた,sakota
迫留,さこどめ,sakodome
迫水,さこみず,sakomizu
左近士,さこんじ,sakonji
佐々,ささ,sasa
細江,ささえ,sasae
笹川,ささかわ,sasakawa
佐々城,ささき,sasaki
捧,ささげ,sasage
佐々治,ささじ,sasaji
笹舘,ささだて,sasadate
笹貫,ささぬき,sasanuki
笹原,ささばら,sasabara
笹見,ささみ,sasami
笹盛,ささもり,sasamori
佐崎,さざき,sazaki
指江,さしえ,sashie
指沢,さしざわ,sashizawa
猿島,さしま,sashima
左路,さじ,saji
佐条,さじょう,sajou
佐生,させい,sasei
笹生,さそお,sasoo
佐武,さたけ,satake
定衛,さだえ,sadae
貞包,さだがね,sadagane
佐田谷,さだたに,sadatani
定時,さだとき,sadatoki
定原,さだはら,sadahara
定,さだめ,sadame
定由,さだよし,sadayoshi
左中,さちゅう,sachuu
薩日内,さっぴない,sappinai
五月女,さつきの,satsukino
薩来,さつらい,satsurai
里石,さといし,satoishi
里尾,さとお,satoo
里瀬,さとせ,satose
里信,さとのぶ,satonobu
里盛,さともり,satomori
佐藤,さどう,sadou
佐奈,さな,sana
佐奈喜,さなき,sanaki
真宮,さなのみや,sananomiya
佐生,さにゅう,sanyuu
重岡,さねおか,saneoka
実歳,さねとし,sanetoshi
真光,さねみつ,sanemitsu
佐之井,さのい,sanoi
佐野屋,さのや,sanoya
鯖江,さばえ,sabae
左尾,さび,sabi
三郎迫,さぶろうざこ,saburouzako
佐保田,さほた,sahota
佐間野,さまの,samano
寒川,さむかわ,samukawa
五月女,さめ,same
佐本,さもと,samoto
曽山,さやま,sayama
作用,さよう,sayou
皿木,さらき,saraki
皿田,さらだ,sarada
猿賀,さるか,saruka
猿田,さるた,saruta
猿女,さるめ,sarume
澤飯,さわい,sawai
澤枝,さわえだ,sawaeda
沢木,さわき,sawaki
澤越,さわこし,sawakoshi
澤嶋,さわしま,sawashima
沢瀧,さわたき,sawataki
澤舘,さわだて,sawadate
沢内,さわない,sawanai
澤ノ井,さわのい,sawanoi
沢辺,さわべ,sawabe
沢邨,さわむら,sawamura
澤屋敷,さわやしき,sawayashiki
沢里,さわり,sawari
参川,さんかわ,sankawa
三鬼,さんき,sanki
三軒谷,さんげんや,sangenya
三石,さんごく,sangoku
三十苅,さんじゅうがり,sanjuugari
三瀬,さんせ,sanse
三田谷,さんだや,sandaya
山縣,さんとう,santou
参鍋,さんなべ,sannabe
三信,さんのぶ,sannobu
三尾,さんび,sanbi
三辺,さんべ,sanbe
三本杉,さんぼんすぎ,sanbonsugi
三身,さんみ,sanmi
算用師,さんようし,sanyoushi
財城,ざいき,zaiki
在原,ざいばら,zaibara
坐古,ざこ,zako
雑子,ざつこ,zatsuko
更木,ざらき,zaraki
子安,しあん,shian
後川花,しいかわはな,shiikawahana
椎野,しいな,shiina
椎林,しいばやし,shiibayashi
士浦,しうら,shiura
汐池,しおいけ,shioike
師岡,しおか,shioka
潮上,しおがみ,shiogami
塩沢,しおさわ,shiosawa
塩島,しおじま,shiojima
塩竹,しおたけ,shiotake
塩塚,しおつか,shiotsuka
塩永,しおなが,shionaga
塩野目,しおのめ,shionome
塩福,しおふく,shiofuku
塩向,しおむき,shiomuki
汐折,しおり,shiori
鹿討,しかうち,shikauchi
鹿澤,しかざわ,shikazawa
四方,しかた,shikata
鹿濱,しかはま,shikahama
飾万津,しかまつ,shikamatsu
鹿肝,しかん,shikan
鹿野,しがの,shigano
茨木,しき,shiki
式沢,しきざわ,shikizawa
式亭,しきてい,shikitei
食見,しきみ,shikimi
信貴,しぎ,shigi
志行,しぎょう,shigyou
四家,しけ,shike
滋井,しげい,shigei
繁岡,しげおか,shigeoka
重越,しげこし,shigekoshi
重末,しげすえ,shigesue
繁谷,しげたに,shigetani
重頭,しげとう,shigetou
茂長,しげなが,shigenaga
滋野井,しげのい,shigenoi
重広,しげひろ,shigehiro
繁松,しげまつ,shigematsu
重守,しげもり,shigemori
重好,しげよし,shigeyoshi
支考,しこう,shikou
四作,しさく,shisaku
師子鹿,ししか,shishika
猪子,ししこ,shishiko
宍戸,ししと,shishito
志々目,ししのめ,shishinome
志師本,ししもと,shishimoto
宍戸,しじと,shijito
司城,しじょう,shijou
静,しずか,shizuka
滴草,しずくさ,shizukusa
静間,しずま,shizuma
紫扇,しせん,shisen
下大洞,したおおぼら,shitaoobora
舌崎,したざき,shitazaki
下地,したち,shitachi
下西,したにし,shitanishi
下防,したぼう,shitabou
下屋敷,したやしき,shitayashiki
柴田,しだ,shida
四俵,しだわら,shidawara
七時,しちじ,shichiji
七波,しちなみ,shichinami
志知,しっち,shitchi
室長,しつちょう,shitsuchou
志築,しづき,shizuki
紫堂,しとう,shitou
志富,しとみ,shitomi
志渡岡,しどおか,shidooka
信国,しなくに,shinakuni
仕名野,しなの,shinano
柴沼,しぬま,shinuma
忍足,しのあし,shinoashi
篠川,しのがわ,shinogawa
楢崎,しのざき,shinozaki
忍田,しのだ,shinoda
篠ノ井,しののい,shinonoi
篠藤,しのふじ,shinofuji
四ノ宮,しのみや,shinomiya
篠田,しはのだ,shihanoda
芝居,しばい,shibai
柴海,しばかい,shibakai
芝岸,しばぎし,shibagishi
柴崎,しばさき,shibasaki
芝多,しばた,shibata
芝藤,しばとう,shibatou
芝鼻,しばはな,shibahana
芝村,しばむら,shibamura
紫尾,しび,shibi
渋河,しぶかわ,shibukawa
渋下,しぶした,shibushita
渋久,しぶひさ,shibuhisa
志保,しほ,shiho
志甫谷,しほや,shihoya
紫摩,しま,shima
嶋井,しまい,shimai
島陰,しまかげ,shimakage
嶋上,しまがみ,shimagami
嶋﨑,しまさき,shimasaki
島沢,しまざわ,shimazawa
島居,しまずい,shimazui
嶋谷,しまたに,shimatani
志満津,しまづ,shimazu
島渡,しまど,shimado
嶋根,しまね,shimane
島軒,しまのき,shimanoki
嶋見,しまみ,shimami
嶌森,しまもり,shimamori
志水,しみす,shimisu
清水島,しみずしま,shimizushima
沈,しむ,shimu
〆,しめ,shime
〆谷,しめたに,shimetani
圷,しも,shimo
下井倉,しもいくら,shimoikura
下入ヶ山,しもいりがやま,shimoirigayama
下重,しもえ,shimoe
下沖,しもおき,shimooki
下方,しもかた,shimokata
下内,しもかわうち,shimokawauchi
下垣,しもがき,shimogaki
下工垣,しもくがき,shimokugaki
下桑田,しもくわた,shimokuwata
下河部,しもこうべ,shimokoube
下木場,しもこば,shimokoba
下崎,しもさき,shimosaki
志茂坂,しもざか,shimozaka
下嶋,しもした,shimoshita
霜島,しもじま,shimojima
下陳,しもじん,shimojin
下瀬郷,しもせごう,shimosegou
下平,しもたい,shimotai
四方田,しもだ,shimoda
下津,しもつ,shimotsu
下津谷,しもつや,shimotsuya
下遠,しもとう,shimotou
下問,しもどい,shimodoi
霜永,しもなが,shimonaga
下祢,しもね,shimone
下ノ園,しものその,shimonosono
下畑,しもはた,shimohata
下林,しもばやし,shimobayashi
下総,しもふさ,shimofusa
下甫木,しもほぎ,shimohogi
下又,しもまた,shimomata
下宮,しもみや,shimomiya
下本,しももと,shimomoto
下柳田,しもやなぎだ,shimoyanagida
志森,しもり,shimori
釈迦院,しゃかいん,shakain
酌河内,しゃくごうち,shakugouchi
赤対,しゃくつい,shakutsui
社家間,しゃけま,shakema
車取,しゃとり,shatori
車無田,しゃむだ,shamuda
種市,しゅいち,shuichi
洲鎌,しゅうけん,shuuken
周戸,しゅうと,shuuto
周防,しゅうぼう,shuubou
宿沢,しゅくさわ,shukusawa
宿谷,しゅくや,shukuya
手跡,しゅせき,shuseki
出戸,しゅつと,shutsuto
周藤,しゅどう,shudou
修理田,しゅりた,shurita
章,しょう,shou
生井,しょうい,shoui
正海,しょうかい,shoukai
庄川,しょうがわ,shougawa
庄倉,しょうくら,shoukura
正根寺,しょうこんじ,shoukonji
正崎,しょうざき,shouzaki
庄路,しょうじ,shouji
所司,しょうじ,shouji
精舎,しょうじゃ,shouja
庄未,しょうすえ,shousue
小善,しょうぜん,shouzen
升田,しょうだ,shouda
正路,しょうぢ,shouji
正道寺,しょうどうじ,shoudouji
庄司,しょうの,shouno
庄畑,しょうはた,shouhata
生父佐,しょうふさ,shoufusa
正武迫,しょうぶざこ,shoubuzako
正松,しょうまつ,shoumatsu
小屋,しょうや,shouya
正立寺,しょうりゅうじ,shouryuuji
諸岡,しょおか,shooka
所司,しょし,shoshi
諸見田,しょみた,shomita
白岩,しらいわ,shiraiwa
白片,しらかた,shirakata
白垣,しらがき,shiragaki
設楽,しらく,shiraku
白嵜,しらさき,shirasaki
白砂,しらす,shirasu
白谷,しらたに,shiratani
白取,しらとり,shiratori
白葉,しらは,shiraha
白針,しらはり,shirahari
白間,しらま,shirama
白雪,しらゆき,shirayuki
尻谷,しりや,shiriya
代,しろ,shiro
四郎園,しろうぞの,shirouzono
白兼,しろかね,shirokane
白髪,しろがみ,shirogami
城後,しろご,shirogo
城重,しろしげ,shiroshige
代田,しろた,shirota
城出,しろで,shirode
城野,しろの,shirono
白畑,しろばたけ,shirobatake
白茂,しろも,shiromo
紫和,しわ,shiwa
進,しん,shin
新居田,しんいだ,shinida
信岡,しんおか,shinoka
真貝,しんかい,shinkai
真貝,しんがい,shingai
伸樹,しんき,shinki
新宮,しんくう,shinkuu
神宮司,しんぐし,shingushi
新小倉,しんこくら,shinkokura
真酒谷,しんさかや,shinsakaya
真崎,しんざき,shinzaki
新庄,しんしょ,shinsho
信次,しんじ,shinji
眞乗坊,しんじょうぼう,shinjoubou
新堰,しんせん,shinsen
真宅,しんたく,shintaku
信太,しんだ,shinda
神庭,しんてい,shintei
進藤,しんとう,shintou
神道,しんどう,shindou
深堂,しんどう,shindou
真如,しんにょ,shinnyo
信濃,しんの,shinno
神馬,しんば,shinba
新福,しんふく,shinfuku
神保,しんほ,shinho
新堀,しんぼり,shinbori
新間,しんま,shinma
新名,しんみょう,shinmyou
新免,しんめん,shinmen
新谷,しんや,shinya
真理,しんり,shinri
地黄,じおう,jiou
竺土,じくど,jikudo
慈幸,じこう,jikou
寺社下,じしゃげ,jishage
自檀地,じだんじ,jidanji
実方,じつかた,jitsukata
實廣,じつひろ,jitsuhiro
地頭方,じとうほう,jitouhou
地曵,じびき,jibiki
持明院,じみょういん,jimyouin
蛇子,じゃこ,jako
蛇蝮,じゃはみ,jahami
住,じゅう,juu
十佐近,じゅうさこん,juusakon
重薗,じゅうぞの,juuzono
十二谷,じゅうにや,juuniya
十楽,じゅうらく,juuraku
珠数,じゅず,juzu
寿里,じゅり,juri
順吉,じゅんよし,junyoshi
城石,じょういし,jouishi
定梶,じょうかじ,joukaji
城ヶ端,じょうがはた,jougahata
浄慶,じょうけい,joukei
常幸,じょうこう,joukou
上崎,じょうざき,jouzaki
上甲,じょうしん,joushin
上烝,じょうじょう,joujou
城仙,じょうせん,jousen
城田,じょうだ,jouda
常通,じょうつう,joutsuu
上土井,じょうどい,joudoi
城生,じょうの,jouno
上ノ下,じょうのした,jounoshita
條辺,じょうべ,joube
城間,じょうま,jouma
上面,じょうめん,joumen
定祐,じょうゆう,jouyuu
如見,じょけん,joken
次郎垣内,じろうがいと,jirougaito
陣,じん,jin
陳ヶ尾,じんがお,jingao
神宮司,じんぐうじ,jinguuji
陣在,じんざい,jinzai
陳園,じんぞの,jinzono
甚出,じんで,jinde
神人,じんにん,jinnin
陣之内,じんのうち,jinnouchi
神辺,じんべ,jinbe
神前,じんまえ,jinmae
須合,すあい,suai
水上,すいじょう,suijou
水津,すいづ,suizu
水門,すいもん,suimon
末井,すえい,suei
陶木,すえき,sueki
末繁,すえしげ,sueshige
末津,すえつ,suetsu
末長,すえなが,suenaga
末弘,すえひろ,suehiro
末宗,すえむね,suemune
壽淵,すえん,suen
須賀,すが,suga
菅泉,すがいずみ,sugaizumi
菅家,すがけ,sugake
菅沢,すがざわ,sugazawa
菅藤,すがとう,sugatou
菅田,すがの,sugano
須蒲,すがま,sugama
管本,すがもと,sugamoto
澄川,すがわ,sugawa
鋤崎,すきざき,sukizaki
椙,すぎ,sugi
杉角,すぎかど,sugikado
杉左近,すぎさこん,sugisakon
杉城,すぎしろ,sugishiro
杉谷,すぎたに,sugitani
杉沼,すぎぬま,suginuma
杉野目,すぎのめ,suginome
杉船,すぎふね,sugifune
杉茂,すぎも,sugimo
榲山,すぎやま,sugiyama
洲鎌,すくら,sukura
勝,すぐり,suguri
鋤柄,すけがら,sukegara
助代,すけしろ,sukeshiro
助永,すけなが,sukenaga
助弘,すけひろ,sukehiro
菅,すげ,suge
菅沼,すげぬま,sugenuma
須古星,すこぼし,sukoboshi
強矢,すごや,sugoya
須佐見,すさみ,susami
須郷,すざと,suzato
筋箆,すじへら,sujihera
鈴木,すすぎ,susugi
鈴裏,すずうら,suzuura
篠川,すずかわ,suzukawa
鈴酒,すずき,suzuki
鈴沢,すずさわ,suzusawa
鈴土,すずど,suzudo
涼宮,すずみや,suzumiya
硯山,すずりやま,suzuriyama
砂田,すだ,suda
簾畑,すだれはた,sudarehata
須戸,すど,sudo
須那,すな,suna
砂金,すながね,sunagane
砂後谷,すなごや,sunagoya
砂辺,すななべ,sunanabe
砂間,すなま,sunama
砂和田,すなわだ,sunawada
簀子,すのこ,sunoko
楢原,すはら,suhara
滑川,すべかわ,subekawa
須磨岡,すまおか,sumaoka
炭,すみ,sumi
純浦,すみうら,sumiura
住岡田,すみおかだ,sumiokada
住垣,すみがき,sumigaki
角口,すみぐち,sumiguchi
隅水,すみず,sumizu
墨谷,すみたに,sumitani
住路,すみと,sumito
炭野,すみの,sumino
角張,すみはり,sumihari
炭村,すみむら,sumimura
住矢,すみや,sumiya
住好,すみよし,sumiyoshi
壽本,すもと,sumoto
酢谷,すや,suya
須鑓,すやり,suyari
駿河,するが,suruga
須輪,すわ,suwa
諏訪原,すわはら,suwahara
駿東,すんとう,suntou
隨原,ずいはら,zuihara
圖佐,ずさ,zusa
図師田,ずしでん,zushiden
生,せい,sei
生江,せいえ,seie
清覚,せいかく,seikaku
生家,せいけ,seike
成沢,せいさわ,seisawa
清心,せいしん,seishin
成城,せいじょう,seijou
成大,せいだい,seidai
清堂,せいどう,seidou
青武,せいぶ,seibu
征矢,せいや,seiya
瀬例,せいれ,seire
世應,せおう,seou
清川,せがわ,segawa
昔,せき,seki
赤尾,せきお,sekio
関川,せきがわ,sekigawa
世木沢,せきざわ,sekizawa
積水,せきすい,sekisui
赤田,せきだ,sekida
石戸谷,せきとや,sekitoya
碩野,せきの,sekino
赤阪,せきはん,sekihan
堰見,せきみ,sekimi
石谷,せきや,sekiya
赤嶺,せきりょう,sekiryou
瀬口,せぐち,seguchi
瀬古澤,せこざわ,sekozawa
瀬迫,せざこ,sezako
瀬下,せじも,sejimo
勢田,せた,seta
設楽,せちらく,sechiraku
勢津,せつ,setsu
節政,せつまさ,setsumasa
瀬戸,せと,seto
脊戸川,せとがわ,setogawa
脊戸田,せとだ,setoda
清土,せど,sedo
瀬那,せな,sena
瀬沼,せぬま,senuma
瀬野浦,せのうら,senoura
瀬端,せはた,sehata
瀬藤,せふじ,sefuji
瀬味,せみ,semi
瀬村,せむら,semura
施山,せやま,seyama
瀬理,せり,seri
芹沢,せりざわ,serizawa
茜,せん,sen
千垣内,せんがいと,sengaito
仙光,せんこう,senkou
千戝,せんさい,sensai
僊崎,せんざき,senzaki
千澤口,せんじゃく,senjaku
仙頭,せんず,senzu
千滝,せんたき,sentaki
千田,せんだ,senda
泉対,せんつい,sentsui
梁取,せんとり,sentori
苫名,せんな,senna
専野,せんの,senno
先場,せんば,senba
占部,せんぶ,senbu
千木良,せんぼくりょう,senbokuryou
仙道,せんみち,senmichi
千代,せんよ,senyo
膳所,ぜしょ,zesho
銭坂,ぜにさか,zenisaka
銭廣,ぜにひろ,zenihiro
膳,ぜん,zen
善才,ぜんさい,zensai
叢相原,ぜんそうはら,zensouhara
箭内,ぜんない,zennai
膳法,ぜんぽう,zenpou
硤合,そあい,soai
宋,そう,sou
草加,そうか,souka
三木,そうき,souki
草郷,そうごう,sougou
荘司,そうし,soushi
走上,そうじょう,soujou
鎗田,そうた,souta
曾田,そうだ,souda
早津,そうつ,soutsu
惣藤,そうどう,soudou
惣野代,そうのだい,sounodai
惣福脇,そうふくわき,soufukuwaki
惣光,そうみつ,soumitsu
桧山,そうやま,souyama
宗林,そうりん,sourin
添田,そえだ,soeda
曽方,そかた,sokata
曽我尾,そがお,sogao
十川,そがわ,sogawa
則武,そくたけ,sokutake
底田,そこた,sokota
曽雌,そし,soshi
直下,そそり,sosori
鼡田,そだ,soda
曽出,そで,sode
袖澗,そでたに,sodetani
外尾,そとお,sotoo
外島,そとしま,sotoshima
外枦保,そとへぼ,sotohebo
素波,そなみ,sonami
曽根田,そねた,soneta
増野,その,sono
薗川,そのかわ,sonokawa
園田,そのた,sonota
苑原,そのはら,sonohara
曽山,そのやま,sonoyama
傍嶋,そばしま,sobashima
祖父江,そぶえ,sobue
杣田,そまだ,somada
曽村,そむら,somura
梁田,そめだ,someda
祖下,そもと,somoto
祖山,そやま,soyama
空韻,そらおと,soraoto
空西,そらにし,soranishi
曽利田,そりた,sorita
曹路地,そろじ,soroji
孫,そん,son
雑賀,ぞうか,zouka
雑部,ぞうべ,zoube
戴,たい,tai
泰円澄,たいえんちょう,taienchou
大家,たいけ,taike
田井沢,たいざわ,taizawa
大正水流,たいしょうずる,taishouzuru
田板,たいた,taita
帯刀,たいと,taito
平中,たいなか,tainaka
大鵬,たいほう,taihou
太磨,たいま,taima
大蘿,たいら,taira
平舘,たいらだて,tairadate
多恵,たえ,tae
峠木,たおき,taoki
峠之内,たおのうち,taonouchi
多鹿,たか,taka
高荒,たかあら,takaara
高泉,たかいづみ,takaizumi
高永甲,たかえこう,takaekou
嵩岡,たかおか,takaoka
高加茂,たかかも,takakamo
高川,たかがわ,takagawa
木場,たかきば,takakiba
高北,たかぎた,takagita
高倉,たかくら,takakura
高子,たかご,takago
高郷,たかさと,takasato
崟,たかし,takashi
高汐,たかしお,takashio
貴島,たかしま,takashima
高地,たかじ,takaji
高州,たかす,takasu
高堰,たかせき,takaseki
鷹多,たかた,takata
高平,たかだいら,takadaira
高津,たかつ,takatsu
高辻,たかつぢ,takatsuji
鷹照,たかてる,takateru
高臣,たかとみ,takatomi
高所,たかどころ,takadokoro
鳥遊里,たかなし,takanashi
高主,たかぬし,takanushi
高濃,たかのう,takanou
鷹羽,たかのは,takanoha
鷹箸,たかはし,takahashi
高羽,たかはね,takahane
髙橋,たかばし,takabashi
高比良,たかひな,takahina
鷹塀,たかへい,takahei
高麗,たかま,takama
高松,たかまつ,takamatsu
高水,たかみず,takamizu
嵩宮,たかみや,takamiya
高木,たかもく,takamoku
高柳,たかやぎ,takayagi
多嘉余,たかよ,takayo
宝来,たからい,takarai
財津,たからづ,takarazu
多川,たかわ,takawa
田貝,たがい,tagai
田方,たがた,tagata
達谷窟,たがや,tagaya
田河,たがわ,tagawa
高木,たき,taki
瀧奥,たきおく,takioku
多岐川,たきがわ,takigawa
龍口,たきぐち,takiguchi
滝島,たきしま,takishima
滝谷,たきたに,takitani
瀧頭,たきとう,takitou
滝埜,たきの,takino
滝之脇,たきのわき,takinowaki
滝日,たきひ,takihi
滝村,たきむら,takimura
田久,たきゅう,takyuu
田公,たぎみ,tagimi
瀧川,たくがわ,takugawa
宅島,たくしま,takushima
詫广,たくま,takuma
太組,たくみ,takumi
田倉,たくら,takura
田熊,たぐま,taguma
田形,たけい,takei
武一,たけいち,takeichi
武馬,たけうま,takeuma
竹岡,たけおか,takeoka
武笠,たけがさ,takegasa
竹清,たけきよ,takekiyo
竹腰,たけこし,takekoshi
竹澤,たけさわ,takesawa
武司,たけし,takeshi
竹志田,たけしだ,takeshida
竹條,たけじょう,takejou
篁園,たけその,takesono
多気田,たけだ,takeda
竹常,たけつね,taketsune
竹堂,たけどう,takedou
竹浪,たけなみ,takenami
武ノ上,たけのうえ,takenoue
笋,たけのこ,takenoko
竹の家,たけのや,takenoya
竹端,たけはな,takehana
竹花,たけばな,takebana
建,たけび,takebi
武堀,たけほり,takehori
竹俣,たけまた,takemata
竹宮,たけみや,takemiya
嶽本,たけもと,takemoto
武保,たけやす,takeyasu
長,たける,takeru
田弦,たげん,tagen
田香,たこう,takou
田古部,たこべ,takobe
多郷,たごう,tagou
太宰,たさい,tasai
田坂,たざか,tazaka
田島,たしま,tashima
田城,たしろ,tashiro
但野,たじの,tajino
田二見,たじみ,tajimi
田鋤,たすき,tasuki
田添,たそえ,tasoe
田高,たたか,tataka
疊指,たたみさし,tatamisashi
鈩前,たたらまえ,tataramae
多々内,ただうち,tadauchi
但木,ただき,tadaki
忠島,ただしま,tadashima
田多野,ただの,tadano
只見,ただみ,tadami
多田羅,ただら,tadara
立臼,たちうす,tachiusu
田地川,たちかわ,tachikawa
立木,たちぎ,tachigi
立田,たちた,tachita
立花,たちはな,tachihana
橘,たちばな,tachibana
多遅摩,たちま,tachima
田地行,たちゆき,tachiyuki
達曽部,たっそべ,tassobe
龍石,たついし,tatsuishi
田塚,たつか,tatsuka
辰喜,たつき,tatsuki
立子山,たつこやま,tatsukoyama
立沢,たつざわ,tatsuzawa
立田,たつだ,tatsuda
辰仁,たつに,tatsuni
建範,たつのり,tatsunori
龍渕,たつぶち,tatsubuchi
竜美,たつみ,tatsumi
竜宮,たつみや,tatsumiya
達家,たつや,tatsuya
田造,たづくり,tazukuri
楯,たて,tate
立居場,たていば,tateiba
立岡,たておか,tateoka
立上,たてがみ,tategami
舘坂,たてさか,tatesaka
立白,たてしろ,tateshiro
蓼沼,たてぬま,tatenuma
館鼻,たてはな,tatehana
立開,たてびらき,tatebiraki
立丸,たてまる,tatemaru
館本,たてもと,tatemoto
樅山,たてやま,tateyama
蓼沼,たでぬま,tadenuma
田戸,たど,tado
店網,たなあみ,tanaami
田中井,たなかい,tanakai
棚木原,たなきはら,tanakihara
田名田,たなだ,tanada
七夕,たなばた,tanabata
店部,たなべ,tanabe
田波,たなみ,tanami
田仁,たに,tani
谷浦,たにうら,taniura
谷川原,たにかわら,tanikawara
谷口平野,たにぐちひらの,taniguchihirano
谷崎,たにさき,tanisaki
谷重,たにしげ,tanishige
谷高,たにたか,tanitaka
谷出,たにで,tanide
谷端,たにはし,tanihashi
谷藤,たにふじ,tanifuji
谷満,たにみつ,tanimitsu
谷保,たにやす,taniyasu
種,たね,tane
種帰,たねき,taneki
種実,たねざね,tanezane
種子永,たねなが,tanenaga
種元,たねもと,tanemoto
田濃,たのう,tanou
田之上,たのかみ,tanokami
田ノ下,たのした,tanoshita
田名部,たのべ,tanobe
田畠,たはた,tahata
莨谷,たばこだに,tabakodani
煙田,たばた,tabata
太原,たばら,tabara
足袋井,たびい,tabii
田福,たふく,tafuku
田房,たぶさ,tabusa
田振,たぶり,taburi
多辺田,たべた,tabeta
但馬,たま,tama
玉江,たまえ,tamae
玉垣,たまかき,tamakaki
玉記,たまき,tamaki
玉櫛,たまくし,tamakushi
玉崎,たまさき,tamasaki
玉住,たまずみ,tamazumi
田町,たまち,tamachi
玉留,たまどめ,tamadome
霊場,たまば,tamaba
玉水,たまみず,tamamizu
玉屋,たまや,tamaya
溜衛,たまりえ,tamarie
多見,たみ,tami
田湊,たみなと,taminato
田麥,たむぎ,tamugi
溜川,ためかわ,tamekawa
為後,ためご,tamego
溜田,ためだ,tameda
爲房,ためふさ,tamefusa
田藻,たも,tamo
多元,たもつ,tamotsu
多門寺,たもんじ,tamonji
田舎中,たやなか,tayanaka
多羅,たら,tara
田良原,たらはら,tarahara
多留井,たるい,tarui
樽下,たるした,tarushita
多留美,たるみ,tarumi
垂木,たれき,tareki
太郎良,たろうら,taroura
表,たわら,tawara
淡,たん,tan
丹川元,たんかわもと,tankawamoto
丹重,たんしげ,tanshige
丹蔵,たんぞう,tanzou
丹藤,たんとう,tantou
丹原,たんはら,tanhara
丹保,たんほ,tanho
畝,たんぽ,tanpo
那,だ,da
台沖,だいおき,daioki
大木,だいき,daiki
大空,だいく,daiku
大鋸,だいこ,daiko
大胡,だいご,daigo
台司,だいし,daishi
大條,だいじょう,daijou
大谷,だいたに,daitani
大伝,だいでん,daiden
大道口,だいどうぐち,daidouguchi
大場,だいば,daiba
大坊,だいほう,daihou
大向,だいむかい,daimukai
大楽院,だいらくいん,dairakuin
抱江,だかえ,dakae
太斎,ださい,dasai
駄竹,だちく,dachiku
駄場,だば,daba
壇,だん,dan
団子,だんご,dango
壇田,だんた,danta
檀床,だんどこ,dandoko
弾野原,だんのはら,dannohara
談谷,だんや,danya
千色,ちいろ,chiiro
知花,ちか,chika
近国,ちかくに,chikakuni
近代,ちかしろ,chikashiro
近並,ちかなみ,chikanami
近馬,ちかま,chikama
力石,ちからいし,chikaraishi
知神,ちがみ,chigami
千木穂,ちぎほ,chigiho
築,ちく,chiku
築崎,ちくざき,chikuzaki
竹善,ちくぜん,chikuzen
千國,ちくに,chikuni
筑摩,ちくま,chikuma
智口,ちぐち,chiguchi
児野,ちごの,chigono
千坂,ちざか,chizaka
苣田,ちしゃだ,chishada
珍珠,ちず,chizu
知立,ちだち,chidachi
千千和,ちちわ,chichiwa
千々波,ちぢわ,chijiwa
千歳丸,ちとせまる,chitosemaru
千根,ちね,chine
知野見,ちのみ,chinomi
地葉,ちば,chiba
地引場,ちひきば,chihikiba
地邉,ちべ,chibe
千室,ちむろ,chimuro
茶園,ちゃえん,chaen
茶座,ちゃざ,chaza
茶田平,ちゃだひら,chadahira
茶畑,ちゃはた,chahata
茶谷垣内,ちゃやがいと,chayagaito
茶木,ちやき,chiyaki
中元寺,ちゅうがんじ,chuuganji
冑信,ちゅうしん,chuushin
忠田,ちゅうた,chuuta
中瓶子,ちゅうへいし,chuuheishi
庁,ちょう,chou
長江,ちょうえ,choue
長久寺,ちょうきゅうじ,choukyuuji
蝶子,ちょうし,choushi
丁字原,ちょうじはら,choujihara
超善寺,ちょうぜんじ,chouzenji
長藤,ちょうとう,choutou
蝶野,ちょうの,chouno
中馬,ちょうま,chouma
長山,ちょうやま,chouyama
勅使川原,ちょくしかわら,chokushikawara
千代倉,ちよくら,chiyokura
千野,ちよの,chiyono
芥切,ちりきり,chirikiri
地湧,ちわき,chiwaki
鎮守,ちんじゅ,chinju
鎮目,ちんもく,chinmoku
治面地,ぢめんぢ,jimenji
対比地,ついじ,tsuiji
対馬,ついま,tsuima
通伝,つうでん,tsuuden
杖谷,つえたに,tsuetani
塚上,つかうえ,tsukaue
塚越,つかこし,tsukakoshi
墳崎,つかざき,tsukazaki
調月,つかつき,tsukatsuki
塚升,つかます,tsukamasu
番,つがい,tsugai
津賀山,つがやま,tsugayama
月脚,つきあし,tsukiashi
月形,つきがた,tsukigata
築島,つきしま,tsukishima
附田,つきた,tsukita
月津,つきづ,tsukizu
月ノ木,つきのき,tsukinoki
月松,つきまつ,tsukimatsu
津曲,つきょく,tsukyoku
次廣,つぎひろ,tsugihiro
机,つくえ,tsukue
作田,つくた,tsukuta
津久戸,つくど,tsukudo
津久茂,つくも,tsukumo
作道,つくるみち,tsukurumichi
附屋根,つけやね,tsukeyane
告口,つげぐち,tsugeguchi
津阪,つさか,tsusaka
津嶌,つしま,tsushima
都司,つじ,tsuji
辻岡,つじおか,tsujioka
辻国,つじくに,tsujikuni
辻高,つじたか,tsujitaka
辻ノ上,つじのうえ,tsujinoue
辻渕,つじぶち,tsujibuchi
逵本,つじもと,tsujimoto
都筑,つずき,tsuzuki
蔦壁,つたかべ,tsutakabe
蔦原,つたはら,tsutahara
津高,つだか,tsudaka
土井豆,つちいず,tsuchiizu
土ヶ内,つちがうち,tsuchigauchi
土口,つちぐち,tsuchiguchi
土清水,つちしみず,tsuchishimizu
土多,つちだ,tsuchida
椎橋,つちはし,tsuchihashi
土御門,つちみかど,tsuchimikado
土谷,つちや,tsuchiya
辻野,つぢの,tsujino
都筑,つつく,tsutsuku
筒場,つつば,tsutsuba
堤添,つつみぞえ,tsutsumizoe
津々路,つつろ,tsutsuro
続田,つづきだ,tsuzukida
廿樂,つづら,tsuzura
黒葛原,つづらはら,tsuzurahara
苞山,つとやま,tsutoyama
津永,つなが,tsunaga
綱永,つななが,tsunanaga
恒石,つねいし,tsuneishi
恒枝,つねき,tsuneki
常重,つねしげ,tsuneshige
常住,つねづみ,tsunezumi
常軒,つねのき,tsunenoki
常深,つねぶか,tsunebuka
経本,つねもと,tsunemoto
角野,つの,tsuno
角懸,つのかけ,tsunokake
角澤,つのざわ,tsunozawa
角藤,つのとう,tsunotou
角谷,つのや,tsunoya
津波,つば,tsuba
椿川,つばきがわ,tsubakigawa
津幡,つばた,tsubata
津武,つぶ,tsubu
粒良,つぶら,tsubura
坪居,つぼい,tsuboi
坪子,つぼこ,tsuboko
津保根,つぼね,tsubone
坪矢,つぼや,tsuboya
津曲,つまがり,tsumagari
妻鳥,つまとり,tsumatori
摘田,つみた,tsumita
圓井,つむらい,tsumurai
津茂谷,つもたに,tsumotani
津梁,つやな,tsuyana
露崎,つゆざき,tsuyuzaki
貫井,つらぬい,tsuranui
釣手,つりて,tsurite
都留,つる,tsuru
鶴園,つるえん,tsuruen
鶴川内,つるかわうち,tsurukawauchi
弦切,つるきり,tsurukiri
鶴小屋,つるこや,tsurukoya
鶴柴,つるしば,tsurushiba
釣谷,つるたに,tsurutani
鶴橋,つるはし,tsuruhashi
賰間,つるま,tsuruma
鶴峰,つるみね,tsurumine
鶴吉,つるよし,tsuruyoshi
図子,づし,zushi
醍醐,ていこ,teiko
堤田,ていだ,teida
手下,てか,teka
手串,てぐし,tegushi
敕使河原,てしがわら,teshigawara
手代木,てしろぎ,teshirogi
鉄火,てっか,tekka
銕尾,てつお,tetsuo
鉄島,てつしま,tetsushima
鐡屋,てつや,tetsuya
手野,ての,teno
寺,てら,tera
寺門,てらかど,terakado
寺崎,てらさき,terasaki
寺下,てらしも,terashimo
寺田,てらた,terata
寺堂,てらどう,teradou
寺林,てらばやし,terabayashi
寺村,てらむら,teramura
照井,てりい,terii
光木,てるき,teruki
輝平,てるひら,teruhira
天羽,てんう,tenu
天幸,てんこう,tenkou
天神木,てんじんき,tenjinki
天徳,てんとく,tentoku
天王寺谷,てんのうじゃ,tennouja
転法輪,てんぽうりん,tenpourin
天海,てんみ,tenmi
典略,てんりゃく,tenryaku
出岡,でおか,deoka
出木田,できた,dekita
出孝,でこう,dekou
出水,ですい,desui
出頭,でどう,dedou
出羽,でば,deba
出門,でもん,demon
伝幸,でんこう,denkou
伝道,でんどう,dendou
傳寳,でんぼう,denbou
傳里,でんり,denri
戸ケ崎,といがさき,toigasaki
樋泉,といずみ,toizumi
筧爪,といづめ,toizume
樋渡,といわたし,toiwatashi
遠井,とうい,toui
東岡,とうおか,touoka
東閑,とうかん,toukan
十亀,とうがめ,tougame
藤桐,とうぎり,tougiri
東迎,とうげい,tougei
東谷,とうこく,toukoku
東榊,とうさかき,tousakaki
東里,とうざと,touzato
當舎,とうしゃ,tousha
当寺ヶ盛,とうじがもり,toujigamori
東條,とうじょう,toujou
藤生,とうせい,tousei
遠武,とうたけ,toutake
任田,とうだ,touda
東塚,とうづか,touzuka
唐堂,とうどう,toudou
東根,とうね,toune
塔野岡,とうのおか,tounooka
道場,とうば,touba
豆腐谷,とうふたに,toufutani
東保,とうぼ,toubo
對馬,とうま,touma
藤巻,とうまき,toumaki
東名,とうみょう,toumyou
嶝本,とうもと,toumoto
東家,とうや,touya
東葭,とうよし,touyoshi
当六,とうろく,touroku
遠衛,とおえ,tooe
東島,とおしま,tooshima
東野,とおの,toono
遠峯,とおみね,toomine
通り道,とおりみち,toorimichi
戸門,とかど,tokado
問可,とが,toga
冨樫,とがし,togashi
戸神,とがみ,togami
戸狩,とがり,togari
澄川,とがわ,togawa
時合,ときあい,tokiai
時國,ときくに,tokikuni
常澤,ときざわ,tokizawa
常田,ときだ,tokida
時延,ときのぶ,tokinobu
時水,ときみず,tokimizu
常世田,ときよだ,tokiyoda
斗巍下,とぎした,togishita
渡来,とく,toku
徳王丸,とくおうまる,tokuoumaru
戸久河,とくがわ,tokugawa
徳佐屋,とくさや,tokusaya
徳地谷,とくじたに,tokujitani
徳武,とくたけ,tokutake
得地,とくち,tokuchi
徳長,とくなが,tokunaga
徳浜,とくはま,tokuhama
徳物,とくぶつ,tokubutsu
徳満,とくまん,tokuman
徳毛,とくも,tokumo
徳好,とくよし,tokuyoshi
徳留,とくりゅう,tokuryuu
戸口田,とぐちだ,toguchida
戸ケ崎,とげざき,togezaki
往住,とこずみ,tokozumi
床西,とこにし,tokonishi
野呂,ところ,tokoro
渡越,とごし,togoshi
戸刺,とさし,tosashi
戸嵜,とざき,tozaki
渡士,とし,toshi
利川,としがわ,toshigawa
土志田,としだ,toshida
遠子内,としない,toshinai
飛島,としま,toshima
利満,としみつ,toshimitsu
戸鋪,とじき,tojiki
十住,とすみ,tosumi
外舘,とたち,totachi
戸田澤,とださわ,todasawa
栃尾,とちお,tochio
栩久保,とちくぼ,tochikubo
栃内,とちない,tochinai
杼村,とちむら,tochimura
途中,とちゅう,tochuu
都築,とつき,totsuki
都筑,とづく,tozuku
塗々木,とどき,todoki
軣,とどろき,todoroki
登那木,となき,tonaki
外波,となみ,tonami
頭根,とね,tone
刀禰田,とねだ,toneda
殿井,とのい,tonoi
遠衞,とのえ,tonoe
殿垣内,とのがいと,tonogaito
外崎,とのざき,tonozaki
殿畠,とのはた,tonohata
主海,とのみ,tonomi
外山,とのやま,tonoyama
戸畑,とばた,tobata
鳶,とび,tobi
鳥沢,とびさわ,tobisawa
飛戸,とびと,tobito
藤平蔵,とへぞう,tohezou
戸星,とぼし,toboshi
戸間替,とまがえ,tomagae
富松,とまつ,tomatsu
笘谷,とまや,tomaya
泊出,とまりで,tomaride
富石,とみいし,tomiishi
冨岳,とみおか,tomioka
冨樫,とみがしら,tomigashira
富砂,とみさ,tomisa
富士,とみし,tomishi
富嶋,とみじま,tomijima
冨高,とみたか,tomitaka
斗光,とみつ,tomitsu
冨堂,とみどう,tomidou
富主,とみぬし,tominushi
富春,とみはる,tomiharu
冨満,とみみつ,tomimitsu
冨谷,とみや,tomiya
冨吉,とみよし,tomiyoshi
留,とめ,tome
留永,とめなが,tomenaga
知井,ともい,tomoi
塘岡,ともおか,tomooka
友菊,ともぎく,tomogiku
友澤,ともざわ,tomozawa
友添,ともぞえ,tomozoe
共田,ともだ,tomoda
朝永,ともなが,tomonaga
朝野,ともの,tomono
友光,ともひかり,tomohikari
友道,ともみち,tomomichi
友葭,ともよし,tomoyoshi
鳥谷,とや,toya
外谷場,とやば,toyaba
冨山,とやみ,toyami
豊浦,とようら,toyoura
豊蔵,とよくら,toyokura
計良,とよし,toyoshi
冨塚,とよずか,toyozuka
豊津,とよつ,toyotsu
豊典,とよのり,toyonori
豊外,とよほか,toyohoka
豊元,とよもと,toyomoto
寅市,とらいち,toraichi
寅沢,とらさわ,torasawa
虎林,とらばやし,torabayashi
陳,とらん,toran
鳥居南,とりいみなみ,toriiminami
鳥岡,とりおか,torioka
鳥切,とりきり,torikiri
鳥実,とりざね,torizane
取溜,とりたまり,toritamari
取溜,とりどめ,toridome
鳥畠,とりばたけ,toribatake
鳥光,とりみつ,torimitsu
鳥谷部,とりやべ,toriyabe
砥綿,とわた,towata
富田,とんだ,tonda
道網,どあみ,doami
土石,どいし,doishi
土肥野,どいの,doino
桐井,どうい,doui
道格,どうかく,doukaku
堂ヶ崎,どうがさき,dougasaki
道休,どうきゅう,doukyuu
洞鶏,どうけい,doukei
道後屋,どうごや,dougoya
堂下,どうしも,doushimo
堂瀬,どうせ,douse
堂垂,どうたれ,doutare
銅伝,どうでん,douden
洞内,どうない,dounai
堂下,どうのした,dounoshita
道花,どうばな,doubana
道前,どうまえ,doumae
百目木,どうめき,doumeki
道谷内,どうやち,douyachi
道脇,どうわき,douwaki
土城,どき,doki
土光,どこう,dokou
土勢,どせ,dose
土手塚,どてづか,dotezuka
土橋,どはし,dohashi
土屋尾,どやお,doyao
團栗,どんぐり,donguri
奈井江,ないえ,naie
内全,ないぜん,naizen
南浦,なうら,naura
直居,なおい,naoi
直島,なおしま,naoshima
直正,なおまさ,naomasa
姓嘉,なか,naka
半井,なかい,nakai
中一,なかいち,nakaichi
中厳,なかいわ,nakaiwa
金内,なかうち,nakauchi
仲浦,なかうら,nakaura
仲江間,なかえま,nakaema
永岡,なかおか,nakaoka
中鍵,なかかぎ,nakakagi
中川原,なかかわはら,nakakawahara
中紙,なかがみ,nakagami
仲川原,なかがわら,nakagawara
仲儀,なかぎ,nakagi
中頚城,なかくびき,nakakubiki
中組,なかぐみ,nakagumi
中古場,なかこば,nakakoba
中狭,なかさ,nakasa
仲澤,なかさわ,nakasawa
仲皿,なかざら,nakazara
中茂,なかしげ,nakashige
中霜,なかしも,nakashimo
中城,なかしろ,nakashiro
仲嶋,なかじま,nakajima
仲城,なかじょう,nakajou
仲筋,なかすじ,nakasuji
中迫,なかせこ,nakaseko
仲曾根,なかそね,nakasone
半田,なかた,nakata
中谷,なかたに,nakatani
中平,なかだいら,nakadaira
中長,なかちょう,nakachou
中束,なかつか,nakatsuka
中務,なかつと,nakatsuto
中露,なかつゆ,nakatsuyu
中戸,なかと,nakato
仲冨,なかとみ,nakatomi
中留,なかどめ,nakadome
中西出,なかにしで,nakanishide
那加野,なかの,nakano
中ノ神,なかのかみ,nakanokami
中之瀬,なかのせ,nakanose
中之宮,なかのみや,nakanomiya
中橋,なかはし,nakahashi
中晴,なかはる,nakaharu
中原,なかばら,nakabara
中福島,なかふくしま,nakafukushima
中辺,なかべ,nakabe
中堀,なかぼり,nakabori
仲真次,なかまし,nakamashi
中丸,なかまる,nakamaru
中路,なかみち,nakamichi
中宮,なかみや,nakamiya
仲村渠,なかむらご,nakamurago
中夜,なかや,nakaya
中谷地,なかやち,nakayachi
中能,なかよく,nakayoku
中分,なかわけ,nakawake
長荒,ながあら,nagaara
永市,ながいち,nagaichi
永柄,ながえ,nagae
臥龍岡,ながおか,nagaoka
永仮,ながかり,nagakari
長木谷,ながきや,nagakiya
長越,ながこし,nagakoshi
長郷,ながさと,nagasato
長鴫,ながしぎ,nagashigi
長城,ながしろ,nagashiro
長瀬,ながせ,nagase
長田,ながた,nagata
長束,ながたば,nagataba
永作,ながつくり,nagatsukuri
永門,ながと,nagato
永富,ながとみ,nagatomi
永名,ながな,nagana
永納,ながの,nagano
長橋,ながはし,nagahashi
長春,ながはる,nagaharu
永冨士,ながふじ,nagafuji
永保,ながほ,nagaho
永味,ながみ,nagami
長南,ながみな,nagamina
長廻,ながめぐり,nagameguri
長屋,ながや,nagaya
長山,ながやま,nagayama
長良,ながら,nagara
流谷,ながれだに,nagaredani
永脇,ながわき,nagawaki
名嘉真,なきま,nakima
梛尾,なぎお,nagio
梛山,なぎやま,nagiyama
奈雲,なぐも,nagumo
中小路,なこうじ,nakouji
名郷根,なごうね,nagoune
名古谷,なごや,nagoya
奈佐原,なさはら,nasahara
梨子下,なしした,nashishita
名城,なしろ,nashiro
那州,なす,nasu
那住,なずみ,nazumi
七種,なたね,natane
灘尾,なだお,nadao
灘辺,なだべ,nadabe
菜津,なつ,natsu
夏川戸,なつかわど,natsukawado
奈津田,なつだ,natsuda
七海,なつみ,natsumi
撫子,なでしこ,nadeshiko
名渡山,などやま,nadoyama
七種,ななくさ,nanakusa
七条,ななじょう,nanajou
七ッ矢,ななつや,nanatsuya
七牟礼,ななむれ,nanamure
何盛,なにもり,nanimori
名畑目,なはため,nahatame
茸谷,なばたに,nabatani
名張,なばり,nabari
鍋岩,なべいわ,nabeiwa
名辺田,なべた,nabeta
鍋山,なべやま,nabeyama
生方,なまかた,namakata
鯰江,なまずえ,namazue
鉛,なまり,namari
難波江,なみえ,namie
竝川,なみかわ,namikawa
浪切,なみきり,namikiri
波田,なみた,namita
浪平,なみひら,namihira
浪除,なみよけ,namiyoke
生方,なめかた,namekata
行武,なめたけ,nametake
滑谷,なめりたに,nameritani
柳楽,なら,nara
奈良垣,ならがき,naragaki
楢崎,ならざき,narazaki
栖原,ならはら,narahara
奈良輪,ならわ,narawa
成川,なりかわ,narikawa
成里,なりさと,narisato
成田,なりた,narita
幸待,なりまち,narimachi
成和,なりわ,nariwa
鳴釜,なるかま,narukama
成合,なるごう,narugou
成清,なるせ,naruse
成戸,なると,naruto
鳴見,なるみ,narumi
名波,なわ,nawa
苗代澤,なわしろざわ,nawashirozawa
縄野,なわの,nawano
南金山,なんかやま,nankayama
南隅,なんぐう,nanguu
南斎,なんさい,nansai
南條,なんじょう,nanjou
南中道,なんちゅうどう,nanchuudou
難場,なんば,nanba
南北,なんほく,nanhoku
南門,なんもん,nanmon
新,にい,nii
二井岡,にいおか,niioka
新国,にいくに,niikuni
新崎,にいざき,niizaki
仁井田,にいた,niita
新地,にいち,niichi
二階堂,にいどう,niidou
新野,にいの,niino
新原,にいはら,niihara
新保,にいぼ,niibo
仁井村,にいむら,niimura
新保,にいやす,niiyasu
丹生谷,にうのや,niunoya
仁尾,にお,nio
仁科,にか,nika
仁賀保,にかほ,nikaho
仁賀木,にがき,nigaki
二川,にがわ,nigawa
仁熊,にくま,nikuma
仁興,にごう,nigou
似里,にさと,nisato
西荒井,にしあらい,nishiarai
西隠居,にしいんきょ,nishiinkyo
西榎田,にしえのきだ,nishienokida
西沖,にしおき,nishioki
西鍜冶,にしかじ,nishikaji
西嘉彌真,にしかやま,nishikayama
西懸,にしがけ,nishigake
錦,にしき,nishiki
西木戸,にしきど,nishikido
西蔵當,にしくらとう,nishikuratou
錦氷,にしこおり,nishikoori
西迫,にしさき,nishisaki
西峪,にしざこ,nishizako
西下,にししも,nishishimo
西釈,にしずみ,nishizumi
西鷹,にしたか,nishitaka
西玉,にしたま,nishitama
西辻,にしつじ,nishitsuji
西手,にしで,nishide
西戸,にしど,nishido
西中川,にしなかがわ,nishinakagawa
西根,にしね,nishine
西野尾,にしのお,nishinoo
二ノ宮,にしのみや,nishinomiya
西畑,にしはた,nishihata
西場,にしば,nishiba
西船隈,にしふなぐま,nishifunaguma
西堀,にしぼり,nishibori
西萬,にしまん,nishiman
西牟田,にしむた,nishimuta
西本,にしもと,nishimoto
西山,にしやま,nishiyama
西来寺,にしらいじ,nishiraiji
二十歩,にじゅうぶ,nijuubu
二十二,にそじ,nisoji
似田,にただ,nitada
新田谷,にたや,nitaya
日和,にちかず,nichikazu
日原,にちはら,nichihara
日下石,にっけし,nikkeshi
新田井,にったい,nittai
日暮,にっぽり,nippori
二出川,にでがわ,nidegawa
荷所,にどころ,nidokoro
仁ノ岡,にのおか,ninooka
二之段,にのだん,ninodan
二ノ宮,にのみや,ninomiya
仁林,にばやし,nibayashi
丹生谷,にぶのや,nibunoya
丹保,にほ,niho
二摩,にま,nima
二文字屋,にもんじや,nimonjiya
入善,にゅうぜん,nyuuzen
如阪,にょさか,nyosaka
楡,にれ,nire
二輪,にわ,niwa
丹羽口,にわぐち,niwaguchi
庭野,にわの,niwano
仁田,にんだ,ninda
縫針,ぬいばり,nuibari
糠谷,ぬかたに,nukatani
額賀,ぬかよし,nukayoshi
貫名,ぬきな,nukina
明日,ぬくい,nukui
温湯,ぬくゆ,nukuyu
塗師村,ぬしむら,nushimura
奴野,ぬの,nuno
布島,ぬのしま,nunoshima
布引,ぬのびき,nunobiki
沼上,ぬまあげ,numaage
沼越,ぬまこし,numakoshi
沼田路,ぬまたじ,numataji
沼辺,ぬまべ,numabe
塗壁,ぬりかべ,nurikabe
怒留湯,ぬるうと,nuruuto
根上,ねうえ,neue
根木,ねき,neki
祢ギ田,ねぎた,negita
塒,ねぐら,negura
猫羽,ねこは,nekoha
根来,ねごろ,negoro
祢次金,ねじがね,nejigane
根城,ねじょう,nejou
根田林,ねたばやし,netabayashi
熱野,ねつの,netsuno
子野日,ねのひ,nenohi
合歓,ねぶ,nebu
根元,ねもと,nemoto
練合,ねりあい,neriai
棯木,ねんぎ,nengi
能阿弥,のあみ,noami
能,のう,nou
納口,のうぐち,nouguchi
能城,のうじょう,noujou
能田,のうた,nouta
能富,のうとみ,noutomi
農原,のうはら,nouhara
能村,のうむせ,noumuse
納富,のおとみ,nootomi
野方,のがた,nogata
軒田,のきた,nokita
芒崎,のぎざき,nogizaki
農口,のぐち,noguchi
野郷,のごう,nogou
野沢,のさわ,nosawa
野沢,のざは,nozaha
野生,のしょう,noshou
野地岡,のじおか,nojioka
野城,のじろ,nojiro
野瀬,のせ,nose
野曽原,のそはら,nosohara
能谷,のたに,notani
埜多家,のだけ,nodake
後本,のちもと,nochimoto
野津手,のつで,notsude
能登,のと,noto
能登原,のとはら,notohara
農中,のなか,nonaka
野之上,ののうえ,nonoue
野々平,ののひら,nonohira
野畑,のはた,nohata
延原,のびはら,nobihara
野深,のぶか,nobuka
信里,のぶさと,nobusato
信太,のぶた,nobuta
設永,のぶなが,nobunaga
信正,のぶまさ,nobumasa
埜辺,のべ,nobe
登木,のぼき,noboki
幟立,のぼりたて,noboritate
野馬,のま,noma
能見,のみ,nomi
野美山,のみやま,nomiyama
能本,のもと,nomoto
野良,のら,nora
織衣,のりえ,norie
野力,のりき,noriki
乗定,のりさだ,norisada
則武,のりたけ,noritake
則俊,のりとし,noritoshi
紀平,のりひら,norihira
乗光,のりみつ,norimitsu
軌保,のりやす,noriyasu
野呂田,のろた,norota
灰岡,はいおか,haioka
灰崎,はいさき,haisaki
灰住,はいずみ,haizumi
拜藤,はいどう,haidou
埴原,はいばら,haibara
栄岩,はえいわ,haeiwa
蝿原,はえはら,haehara
葉影,はかげ,hakage
波壁,はかべ,hakabe
計田,はかりだ,hakarida
羽賀井,はがい,hagai
羽上,はがみ,hagami
土岐,はぎ,hagi
萩川,はぎかわ,hagikawa
はぎ野,はぎの,hagino
萩平,はぎひら,hagihira
萩谷,はぎわら,hagiwara
柏尾,はくお,hakuo
白田,はくた,hakuta
栢野,はくの,hakuno
粕谷,はくや,hakuya
八毛,はけ,hake
箱,はこ,hako
箱瀬,はこせ,hakose
箱山,はこやま,hakoyama
架田,はさだ,hasada
八社宮,はさみ,hasami
間,はざま,hazama
波志,はし,hashi
橋掛,はしかけ,hashikake
橋谷,はしがや,hashigaya
橋崎,はしざき,hashizaki
橋田,はした,hashita
橋詰,はしつめ,hashitsume
土師野,はしの,hashino
羽芝,はしば,hashiba
橋向,はしむかい,hashimukai
橋谷田,はしやだ,hashiyada
柱山,はしらやま,hashirayama
半蔀,はじとみ,hajitomi
羽生,はじゅう,hajuu
蓮子,はすし,hasushi
羽純,はすみ,hasumi
弭間,はずま,hazuma
長谷岡,はせおか,haseoka
長谷阪,はせざか,hasezaka
長谷出,はせで,hasede
長谷本,はせもと,hasemoto
枦原,はぜはら,hazehara
波多,はた,hata
畠枝,はたえだ,hataeda
播上,はたがみ,hatagami
畑ヶ,はたけ,hatake
畑谷,はたけや,hatakeya
籏崎,はたざき,hatazaki
籏瀬,はたせ,hatase
派谷,はたちや,hatachiya
葉谷,はたに,hatani
波多埜,はたの,hatano
幡場,はたば,hataba
波多間,はたま,hatama
籏持,はたもち,hatamochi
旗谷,はたや,hataya
羽多,はだ,hada
波多野,はだの,hadano
八方,はちかた,hachikata
八下田,はちしもだ,hachishimoda
八須賀,はちすが,hachisuga
蜂巣,はちのす,hachinosu
八万,はちまん,hachiman
八與,はちよ,hachiyo
白田,はった,hatta
八町,はっちょう,hatchou
八本木,はっぽんぎ,happongi
初谷,はつがい,hatsugai
初柴,はつしば,hatsushiba
服部,はつとり,hatsutori
山初,はつやま,hatsuyama
羽出,はで,hade
羽當,はとう,hatou
鳩野,はとの,hatono
葉鳥,はとり,hatori
花市,はないち,hanaichi
華川,はなかわ,hanakawa
花樹,はなき,hanaki
鼻嵜,はなさき,hanasaki
葉梨,はなし,hanashi
花園,はなぞの,hanazono
椛田,はなだ,hanada
端戸,はなと,hanato
花橋,はなはし,hanahashi
花布,はなぶ,hanabu
花丸,はなまる,hanamaru
花牟礼,はなむれ,hanamure
羽成,はなり,hanari
埴崎,はにざき,hanizaki
丹生,はにゅう,hanyuu
羽生,はねう,haneu
塙阪,はねさか,hanesaka
羽場,はねだ,haneda
羽鳥,はねとり,hanetori
羽山,はねやま,haneyama
波々壁,ははかべ,hahakabe
幅田,はばた,habata
羽太,はふと,hafuto
土生田,はぶた,habuta
波馬,はま,hama
濱磯,はまいそ,hamaiso
浜岡,はまおか,hamaoka
浜門,はまかど,hamakado
濱川,はまがわ,hamagawa
濱窪,はまくぼ,hamakubo
濱崎,はまさき,hamasaki
濱島,はましま,hamashima
浜州,はます,hamasu
濱滝,はまたき,hamataki
濱長,はまちょう,hamachou
浜道,はまどう,hamadou
濱埜,はまの,hamano
浜萩,はまはぎ,hamahagi
浜広,はまひろ,hamahiro
濱水,はまみず,hamamizu
濱矢,はまや,hamaya
濱吉,はまよし,hamayoshi
羽毛田,はもだ,hamoda
早内,はやうち,hayauchi
早熊,はやくま,hayakuma
洞,はやし,hayashi
林越,はやしこし,hayashikoshi
林谷,はやしたに,hayashitani
林見,はやしみ,hayashimi
早曽,はやそ,hayaso
早戸,はやと,hayato
速野,はやの,hayano
林部,はやべし,hayabeshi
早味,はやみ,hayami
葉養,はよう,hayou
秡輪,はらいわ,haraiwa
原上,はらがみ,haragami
原迫,はらさこ,harasako
原島,はらじま,harajima
原多,はらだ,harada
原之下,はらのした,haranoshita
孕石,はらみいし,haramiishi
波里,はり,hari
針生,はりう,hariu
針谷,はりがい,harigai
張ケ代,はりがよ,harigayo
針生,はりせい,harisei
張野,はりの,harino
張摩,はりま,harima
播本,はりもと,harimoto
春井,はるい,harui
晴気,はるき,haruki
榛沢,はるざわ,haruzawa
春近,はるちか,haruchika
春畑,はるはた,haruhata
春海,はるみ,harumi
春原,はるわら,haruwara
坂,はん,han
判官,はんがん,hangan
繁在家,はんざいけ,hanzaike
半情,はんじょう,hanjou
若田,はんだ,handa
波武名,はんな,hanna
半埜,はんの,hanno
半辺,はんべ,hanbe
半本,はんもと,hanmoto
梅井,ばいい,baii
馬上,ばがみ,bagami
場生松,ばしょうまつ,bashoumatsu
漠駒,ばっこま,bakkoma
番場,ばば,baba
馬場目,ばばめ,babame
茨島,ばらじま,barajima
番浦,ばんうら,banura
萬歳,ばんざい,banzai
萬砂,ばんじゃ,banja
坂上谷,ばんじょうや,banjouya
番地,ばんち,banchi
阪堂,ばんどう,bandou
伴野,ばんの,banno
番原,ばんばら,banbara
泊,ぱく,paku
日池,ひいけ,hiike
樋内,ひうち,hiuchi
樋江井,ひえい,hiei
桧枝,ひえだ,hieda
氷置,ひおき,hioki
樋掛,ひかけ,hikake
日下田,ひかた,hikata
光崎,ひかりざき,hikarizaki
比企,ひが,higa
桧垣,ひがき,higaki
東芦谷,ひがしあしたに,higashiashitani
東内,ひがしうち,higashiuchi
東大森,ひがしおおもり,higashioomori
東構,ひがしかまえ,higashikamae
東木谷,ひがしきたに,higashikitani
東国原,ひがしこくばる,higashikokubaru
東地,ひがしじ,higashiji
東谷,ひがしたに,higashitani
東寺,ひがしてら,higashitera
東仲與根,ひがしなかよね,higashinakayone
東萩原,ひがしはぎわら,higashihagiwara
東船道,ひがしふなみち,higashifunamichi
東牧野,ひがしまきの,higashimakino
東本,ひがしもと,higashimoto
東脇,ひがしわき,higashiwaki
日ヶ丸,ひがまる,higamaru
日比,ひき,hiki
引字,ひきじ,hikiji
曳地,ひきち,hikichi
匹見,ひきみ,hikimi
日隈,ひくま,hikuma
日車,ひぐるま,higuruma
比毛谷,ひげたに,higetani
彦素,ひこそ,hikoso
肥田,ひご,higo
久秋,ひさあき,hisaaki
久岡,ひさおか,hisaoka
久垣,ひさがき,hisagaki
久光,ひさこう,hisakou
久下,ひさした,hisashita
久隅,ひさずみ,hisazumi
久積,ひさつみ,hisatsumi
久永,ひさにが,hisaniga
久間,ひさま,hisama
久門,ひさもん,hisamon
膝井,ひざい,hizai
比志,ひし,hishi
菱田,ひした,hishita
菱谷,ひしや,hishiya
土方,ひじかた,hijikata
肱元,ひじもと,hijimoto
轡水,ひすい,hisui
比田井,ひたい,hitai
日渓,ひたに,hitani
檜田,ひだ,hida
檜高,ひだか,hidaka
飛騨野,ひだの,hidano
飛鳥,ひちょう,hichou
疋田,ひつだ,hitsuda
日極,ひづめ,hizume
秀崎,ひでさき,hidesaki
仙石,ひといし,hitoishi
一鍬田,ひとくわた,hitokuwata
一ツ井,ひとつい,hitotsui
一松,ひとつまつ,hitotsumatsu
人走,ひとばしり,hitobashiri
一元,ひともと,hitomoto
日向,ひな,hina
雛形,ひながた,hinagata
日向,ひなた,hinata
比南原,ひなはら,hinahara
日根居,ひねい,hinei
日石,ひのいし,hinoishi
日野川,ひのかわ,hinokawa
閘,ひのくち,hinokuchi
日下,ひのした,hinoshita
丁沢,ひのとざわ,hinotozawa
日丸,ひのまる,hinomaru
日野森,ひのもり,hinomori
樋廻,ひばさみ,hibasami
日,ひび,hibi
比々羅木,ひびらぎ,hibiragi
日廻,ひまわり,himawari
日向寺,ひむでら,himudera
姫尾,ひめお,himeo
姫田,ひめた,himeta
樋元,ひもと,himoto
檜森,ひもり,himori
百名,ひゃくな,hyakuna
百石,ひゃっこく,hyakkoku
陶山,ひやま,hiyama
兵頭,ひゅうず,hyuuzu
兵川,ひょうかわ,hyoukawa
兵主,ひょうす,hyousu
俵頭,ひょうどう,hyoudou
比翼,ひよく,hiyoku
比与森,ひよもり,hiyomori
平石,ひらいし,hiraishi
平江,ひらえ,hirae
平潟,ひらかた,hirakata
開キ,ひらき,hiraki
比楽,ひらく,hiraku
平光,ひらこう,hirakou
平硲,ひらさこ,hirasako
平嶋,ひらしま,hirashima
衡田,ひらた,hirata
平綱,ひらつな,hiratsuna
平中,ひらなか,hiranaka
平信,ひらのぶ,hiranobu
平吹,ひらふき,hirafuki
平美,ひらみ,hirami
平元,ひらもと,hiramoto
日羅山,ひらやま,hirayama
飛龍,ひりゅう,hiryuu
蛭子井,ひるこい,hirukoi
蛭野,ひるの,hiruno
飛呂,ひろ,hiro
廣岩,ひろいわ,hiroiwa
廣岡,ひろおか,hirooka
広河,ひろかわ,hirokawa
廣木,ひろき,hiroki
広作,ひろさく,hirosaku
広,ひろし,hiroshi
廣島,ひろしま,hiroshima
廣住,ひろずみ,hirozumi
広田,ひろた,hirota
廣津,ひろつ,hirotsu
廣戸,ひろと,hiroto
祐成,ひろなり,hironari
廣葉,ひろは,hiroha
広比,ひろひ,hirohi
広升,ひろます,hiromasu
廣光,ひろみつ,hiromitsu
広屋,ひろや,hiroya
広理,ひろり,hirori
日渡,ひわたし,hiwatashi
蛭田,ひんだ,hinda
菱山,びしやま,bishiyama
美藤,びとう,bitou
弁官,びょうが,byouga
枇杷岸,びわぎし,biwagishi
備中,びんなか,binnaka
冨貴,ふうき,fuuki
夫馬,ふうま,fuuma
黄,ふえん,fuen
深ヶ迫,ふかがさこ,fukagasako
深阪,ふかさか,fukasaka
深治,ふかじ,fukaji
深戸,ふかと,fukato
深松,ふかまつ,fukamatsu
染谷,ふかや,fukaya
深渡瀬,ふかわたせ,fukawatase
吹上,ふきあげ,fukiage
冨貴澤,ふきざわ,fukizawa
冨貴塚,ふきづか,fukizuka
吹谷,ふきや,fukiya
福伊,ふくい,fukui
福栄,ふくえ,fukue
福躍,ふくおどり,fukuodori
福喜多,ふくぎた,fukugita
福貞,ふくさだ,fukusada
福室,ふくしつ,fukushitsu
福寿,ふくじ,fukuji
福住,ふくすみ,fukusumi
福瀧,ふくたき,fukutaki
福地本,ふくちもと,fukuchimoto
福堂,ふくどう,fukudou
福濱,ふくはま,fukuhama
福満,ふくま,fukuma
福溝,ふくみぞ,fukumizo
福本,ふくめと,fukumeto
冨久山,ふくやま,fukuyama
福利,ふくり,fukuri
袋本,ふくろもと,fukuromoto
泓川,ふけがわ,fukegawa
普後,ふご,fugo
房川,ふさかわ,fusakawa
總山,ふさやま,fusayama
伏古,ふしこ,fushiko
伏葉,ふしば,fushiba
普照,ふしょう,fushou
葛井,ふじい,fujii
藤裏,ふじうら,fujiura
藤大路,ふじおおじ,fujiooji
藤金,ふじかね,fujikane
藤ヶ谷,ふじがや,fujigaya
藤曲,ふじくま,fujikuma
不二崎,ふじさき,fujisaki
藤重,ふじしげ,fujishige
藤添,ふじぞえ,fujizoe
藤足,ふじたり,fujitari
藤敦,ふじつる,fujitsuru
藤浪,ふじなみ,fujinami
藤野,ふじの,fujino
藤幡,ふじはた,fujihata
藤平,ふじひら,fujihira
藤正,ふじまさ,fujimasa
藤箕,ふじみの,fujimino
藤森,ふじもり,fujimori
藤里,ふじゅさと,fujusato
藤原,ふじわら,fujiwara
伏石,ふせいし,fuseishi
布施谷,ふせや,fuseya
二枝,ふたえだ,futaeda
二タ川,ふたがわ,futagawa
二田,ふただ,futada
二ッ町,ふたつまち,futatsumachi
二階,ふたはし,futahashi
貮又,ふたまた,futamata
二瓶,ふたもと,futamoto
府高,ふだか,fudaka
淵上,ふちあげ,fuchiage
渕澤,ふちさわ,fuchisawa
淵野,ふちの,fuchino
渕本,ふちもと,fuchimoto
藤城,ふぢしろ,fujishiro
二日一,ふつかいち,futsukaichi
筆染,ふでそめ,fudesome
風登,ふとう,futou
太湯,ふとゆ,futoyu
鮒,ふな,funa
舟生,ふなお,funao
舟上,ふながみ,funagami
船草,ふなくさ,funakusa
船越谷,ふなこしや,funakoshiya
船澤,ふなざわ,funazawa
船底,ふなそこ,funasoko
舟塚,ふなつか,funatsuka
船砥,ふなと,funato
船中,ふななか,funanaka
船場,ふなば,funaba
船穂,ふなほ,funaho
舩本,ふなもと,funamoto
船渡,ふなわたり,funawatari
舟田,ふねた,funeta
船水,ふねみず,funemizu
文挾,ふばさみ,fubasami
文川,ふみかわ,fumikawa
文原,ふみはら,fumihara
普門,ふもん,fumon
冬沢,ふゆさわ,fuyusawa
冨楽,ふらく,furaku
古,ふる,furu
古内,ふるうち,furuuchi
古角,ふるかど,furukado
古川,ふるがわ,furugawa
古郡,ふるぐん,furugun
古澤,ふるさわ,furusawa
古性,ふるしょう,furushou
古仙,ふるせん,furusen
古舘,ふるたて,furutate
古堤,ふるつつみ,furutsutsumi
古殿,ふるどの,furudono
古八,ふるはち,furuhachi
古本,ふるほん,furuhon
古路,ふるみち,furumichi
古家,ふるや,furuya
古行,ふるゆき,furuyuki
風呂迫,ふろさこ,furosako
汾陽,ふんよう,funyou
武士沢,ぶしざわ,bushizawa
部谷,ぶたに,butani
仏円,ぶつえん,butsuen
仏本,ぶつもと,butsumoto
分部,ぶべ,bube
分家,ぶんけ,bunke
分道,ぶんどう,bundou
分林,ぶんりん,bunrin
平木,へいき,heiki
兵丹,へいたみ,heitami
平馬,へいま,heima
平栗,へぐり,heguri
部谷,へだに,hedani
蛇口,へびぐち,hebiguchi
部谷田,へやた,heyata
邊田,へんだ,henda
別火,べっか,bekka
別曽,べっそ,besso
別役,べつえき,betsueki
別森,べつもり,betsumori
紅山,べにやま,beniyama
弁慶,べんけい,benkei
辺泥,ぺてぃ,peti
補泉,ほいずみ,hoizumi
豊永,ほうえい,houei
宝学,ほうがく,hougaku
宝木原,ほうきはら,houkihara
宝劔,ほうけん,houken
宝坂,ほうさか,housaka
宝山,ほうざん,houzan
宝子丸,ほうしまる,houshimaru
宝正,ほうしょう,houshou
方尺,ほうじゃく,houjaku
方丈,ほうじょう,houjou
八月朔日,ほうずみ,houzumi
宝蔵院,ほうぞういん,houzouin
宝田,ほうだ,houda
庖丁,ほうちょう,houchou
朴峠,ほうとうげ,houtouge
宝ノ木,ほうのき,hounoki
法名,ほうみょう,houmyou
宝耒,ほうらい,hourai
宝理,ほうり,houri
保榮茂,ほえも,hoemo
外當,ほかあたり,hokaatari
外谷,ほかたに,hokatani
穂刈,ほかり,hokari
帆刈,ほがり,hogari
保木本,ほきもと,hokimoto
北城,ほくじょう,hokujou
北陸,ほくりく,hokuriku
鉾崎,ほこざき,hokozaki
帆坂,ほさか,hosaka
星,ほし,hoshi
星鹿,ほしか,hoshika
星崎,ほしさき,hoshisaki
保下,ほした,hoshita
星永,ほしなが,hoshinaga
保志場,ほしば,hoshiba
保社,ほしゃ,hosha
保栖,ほす,hosu
細合,ほそあい,hosoai
細川,ほそかわ,hosokawa
細越,ほそごえ,hosogoe
細瀬,ほそせ,hosose
細西,ほそにし,hosonishi
細松,ほそまつ,hosomatsu
八月朔日,ほぞみ,hozomi
螢,ほたる,hotaru
法花,ほっか,hokka
發田,ほった,hotta
本図,ほづ,hozu
仏木,ほてぎ,hotegi
仏石,ほとけいし,hotokeishi
保戸山,ほとやま,hotoyama
程原,ほどはら,hodohara
穂之上,ほのうえ,honoue
波々伯部,ほほかべ,hohokabe
穂見,ほみ,homi
保谷,ほや,hoya
洞谷,ほらがい,horagai
洞谷,ほらや,horaya
堀上,ほりうえ,horiue
堀籠,ほりかご,horikago
堀木,ほりぎ,horigi
堀合,ほりごう,horigou
堀沢,ほりざわ,horizawa
堀館,ほりたて,horitate
堀友,ほりとも,horitomo
堀之内,ほりのうち,horinouchi
堀畑,ほりばた,horibata
堀家,ほりや,horiya
袰屋,ほろや,horoya
本瓦,ほんがわら,hongawara
本谷,ほんごく,hongoku
本所,ほんじょ,honjo
本園,ほんぞの,honzono
本地,ほんぢ,honji
本姓,ほんな,honna
本房,ほんぼう,honbou
本望,ほんもう,honmou
坊岡,ぼうおか,bouoka
坊下,ぼうした,boushita
望月,ぼうつき,boutsuki
坊良,ぼうら,boura
母子泊,ぼしどまり,boshidomari
盆子原,ぼんこはら,bonkohara
間井,まい,mai
舞島,まいじま,maijima
間井田,まいだ,maida
米良,まいら,maira
前新城,まえあらしろ,maearashiro
前宇根,まえうね,maeune
前加良,まえから,maekara
前瓦,まえがわら,maegawara
前幸地,まえこうち,maekouchi
前座,まえざ,maeza
眞榮城,まえしろ,maeshiro
前杉,まえすぎ,maesugi
前高,まえたか,maetaka
前島,まえだ,maeda
前寺,まえでら,maedera
前中,まえなか,maenaka
前之濱,まえのはま,maenohama
前原,まえはら,maehara
前廣,まえひろ,maehiro
前迎,まえむかい,maemukai
前山田,まえやまだ,maeyamada
真家,まか,maka
真門,まかど,makado
真狩,まかり,makari
真駈,まがけ,magake
曲戸,まがと,magato
曲里,まがり,magari
眞城,まき,maki
薪,まき,maki
牧繪,まきえ,makie
牧垣,まきがき,makigaki
槙坂,まきさか,makisaka
真木下,まきした,makishita
巻田,まきた,makita
槇塚,まきづか,makizuka
蒔苗,まきなえ,makinae
牧内,まきのうち,makinouchi
牧畑,まきはた,makihata
蒔平,まきひら,makihira
真木村,まきむら,makimura
槙森,まきもり,makimori
牧吉,まきよし,makiyoshi
幕沢,まくざわ,makuzawa
播本,まくもと,makumoto
曲田,まげた,mageta
馬越,まごえ,magoe
馬篭,まごめ,magome
正鋳,まさい,masai
匡章,まさおみ,masaomi
正,まさがき,masagaki
正木,まさき,masaki
政子,まさこ,masako
真栄田,まさた,masata
正月,まさつき,masatsuki
正留,まさどめ,masadome
昌原,まさはら,masahara
政道,まさみち,masamichi
正守,まさもり,masamori
真座,まざ,maza
益城,ましき,mashiki
倍田,ましだ,mashida
真渋,ましぶ,mashibu
麻生,ましょう,mashou
磨島,まじま,majima
桝,ます,masu
樽石,ますいし,masuishi
増尾,ますお,masuo
舛上,ますかみ,masukami
舛上,ますがみ,masugami
増倉,ますくら,masukura
増澤,ますざわ,masuzawa
真鈴川,ますずがわ,masuzugawa
桝田,ますだ,masuda
桝藤,ますとう,masutou
益長,ますなが,masunaga
増羽,ますは,masuha
増渕,ますふち,masufuchi
枡見,ますみ,masumi
増満,ますみつ,masumitsu
増元,ますもと,masumoto
升也,ますや,masuya
馬詰,まずめ,mazume
間瀬口,ませぐち,maseguchi
又井,またい,matai
又木,またぎ,matagi
眞谷,またに,matani
股村,またむら,matamura
真達,まだて,madate
町頭,まちがしら,machigashira
松田,まちだ,machida
待野,まちの,machino
眞先,まっさき,massaki
待井,まつい,matsui
松梅,まつうめ,matsuume
松王,まつおう,matsuou
松風,まつかぜ,matsukaze
松貝,まつがい,matsugai
末木,まつき,matsuki
松久保,まつくぼ,matsukubo
松栄,まつさか,matsusaka
枩崎,まつざき,matsuzaki
松生,まつしょう,matsushou
松相,まつそう,matsusou
松田,まつだ,matsuda
松塚,まつづか,matsuzuka
松内,まつない,matsunai
松苗,まつなわ,matsunawa
松野内,まつのうち,matsunouchi
松之平,まつのひら,matsunohira
松原,まつはら,matsuhara
松林,まつばやし,matsubayashi
末藤,まつふじ,matsufuji
松麿,まつまろ,matsumaro
松持,まつもち,matsumochi
松谷内,まつやち,matsuyachi
松竜,まつりゅう,matsuryuu
馬殿,までん,maden
真野,まとの,matono
真鳥,まとり,matori
間所,まどころ,madokoro
蒔苗,まなえ,manae
目,まなこ,manako
真名野,まなの,manano
真家,まなや,manaya
真野,まぬ,manu
眞能,まのう,manou
眞鼻,まはな,mahana
真栄田,まひら,mahira
眞淵,まぶち,mabuchi
侭,まま,mama
真実井,まみい,mamii
万宮,まみや,mamiya
大豆生田,まめおだ,mameoda
豆山,まめやま,mameyama
摩耶,まや,maya
眉山,まゆやま,mayuyama
鞠子谷,まりこだに,marikodani
円井,まるい,marui
円尾,まるお,maruo
圓木,まるき,maruki
丸嵜,まるさき,marusaki
丸田,まるた,maruta
丸中,まるなか,marunaka
丸鳩,まるはと,maruhato
円美,まるみ,marumi
丸家,まるや,maruya
丸岡,まろか,maroka
廻渕,まわりぶち,mawaribuchi
万我,まんが,manga
萬行,まんぎょう,mangyou
満生,まんしょう,manshou
万城目,まんじょうめ,manjoume
万田,まんだ,manda
万束,まんづか,manzuka
万処,まんどころ,mandokoro
万納寺,まんのうじ,mannouji
万福寺,まんぷくじ,manpukuji
万谷,まんや,manya
三宅,みあけ,miake
箕迫,みいさこ,miisako
美内,みうち,miuchi
弥栄,みえ,mie
御園生,みえんおう,mienou
見尾谷,みおたに,miotani
三蔭,みかげ,mikage
実方,みかた,mikata
三角,みかど,mikado
見上,みかみ,mikami
三ヶ本,みかもと,mikamoto
蜜柑,みかん,mikan
美樹,みき,miki
神酒井,みきい,mikii
三木屋,みきや,mikiya
汀,みぎわ,migiwa
三國谷,みくにや,mikuniya
厨,みくりや,mikuriya
三ケ田,みけだ,mikeda
輿石,みこしいし,mikoshiishi
三佐,みさ,misa
三阪,みさか,misaka
三砂,みさご,misago
三佐和,みさわ,misawa
三觜,みし,mishi
美馬,みしま,mishima
三城,みしろ,mishiro
三觜,みすい,misui
簾内,みすない,misunai
三角園,みすみぞの,misumizono
水入,みずいり,mizuiri
水貝,みずかい,mizukai
水柿,みずがき,mizugaki
水國,みずくに,mizukuni
水崎,みずさき,mizusaki
水白,みずしろ,mizushiro
水民,みずたみ,mizutami
水藤,みずとう,mizutou
水梨子,みずなし,mizunashi
水谷,みずのや,mizunoya
水渕,みずぶち,mizubuchi
水道,みずみち,mizumichi
水安,みずやす,mizuyasu
見世,みせ,mise
御前,みぜん,mizen
味園,みその,misono
見楚谷,みそや,misoya
溝河,みぞかわ,mizokawa
溝下,みぞした,mizoshita
溝ノ上,みぞのうえ,mizonoue
溝部,みぞべ,mizobe
郷田,みた,mita
御滝,みたき,mitaki
見達,みたて,mitate
三,みたび,mitabi
見田,みだ,mida
道上,みちうえ,michiue
道給,みちきゅう,michikyuu
道端,みちずみ,michizumi
道堂,みちどう,michidou
道畑,みちはた,michihata
道政,みちまさ,michimasa
道安,みちやす,michiyasu
美津,みつ,mitsu
三ツ井,みつい,mitsui
満生,みつう,mitsuu
三ッ岡,みつおか,mitsuoka
三角,みつかど,mitsukado
三瓶,みつがめ,mitsugame
目次,みつぎ,mitsugi
満久保,みつくぼ,mitsukubo
三坂,みつさか,mitsusaka
三津沢,みつざわ,mitsuzawa
密島,みつしま,mitsushima
三角,みつずみ,mitsuzumi
光武,みつたけ,mitsutake
三土,みつち,mitsuchi
三戸,みつと,mitsuto
三長,みつなが,mitsunaga
光能,みつの,mitsuno
光畠,みつはた,mitsuhata
光平,みつひら,mitsuhira
三堀,みつほり,mitsuhori
三潴,みつまた,mitsumata
光村,みつむら,mitsumura
三津守,みつもり,mitsumori
光安,みつやす,mitsuyasu
三善,みつよし,mitsuyoshi
水内,みづうち,mizuuchi
三塚,みづつか,mizutsuka
御手洗,みてらし,miterashi
水藤,みとう,mitou
水戸田,みとだ,mitoda
御供,みとも,mitomo
美登,みど,mido
緑,みどり,midori
緑山,みどりやま,midoriyama
箕中,みなか,minaka
南小柿,みながき,minagaki
未名木,みなぎ,minagi
南里,みなざと,minazato
南鶴,みなつる,minatsuru
港崎,みなとざき,minatozaki
皆葉,みなば,minaba
美並,みなみ,minami
南周,みなみあまね,minamiamane
南大路,みなみおおじ,minamiooji
南側,みなみがわ,minamigawa
南坂本,みなみさかもと,minamisakamoto
南城,みなみしろ,minamishiro
南谷,みなみたに,minamitani
南中道,みなみなかみち,minaminakamichi
南場,みなみば,minamiba
南間木,みなみまき,minamimaki
皆見,みなみる,minamiru
皆吉,みなよし,minayoshi
美根,みね,mine
峰上,みねかみ,minekami
峰越,みねこし,minekoshi
峯嶌,みねしま,mineshima
峯滝,みねたき,minetaki
峯永,みねなが,minenaga
嶺間,みねま,minema
三根谷,みねや,mineya
味野,みの,mino
美濃部,みのうべ,minoube
三濃川,みのかわ,minokawa
見野越,みのこし,minokoshi
美濃地,みのじ,minoji
實能田,みのだ,minoda
美乃夫,みのぶ,minobu
三野村,みのむら,minomura
御法川,みのりかわ,minorikawa
箕輪田,みのわだ,minowada
美浜,みはま,mihama
美馬,みば,miba
三藤,みふじ,mifuji
壬生田,みぶた,mibuta
海保,みほ,miho
三本木,みほんぎ,mihongi
見正,みまさ,mimasa
美松,みまつ,mimatsu
三宮,みみや,mimiya
味元,みもと,mimoto
三矢,みや,miya
宮宇地,みやうじ,miyauji
宮角,みやかく,miyakaku
三谷川,みやがわ,miyagawa
宮岸,みやぎし,miyagishi
宮熊,みやぐま,miyaguma
宮腰,みやこし,miyakoshi
宮阪,みやさか,miyasaka
宮嵜,みやざき,miyazaki
宮城,みやしろ,miyashiro
宮洲,みやす,miyasu
宮多,みやた,miyata
宮内後,みやちご,miyachigo
宮戸,みやど,miyado
宮野,みやの,miyano
宮之下,みやのした,miyanoshita
宮幡,みやはた,miyahata
三薮,みやぶ,miyabu
宮間,みやま,miyama
宮牟禮,みやむれ,miyamure
宮里,みやり,miyari
妙一,みょういち,myouichi
冥加,みょうが,myouga
妙護寺,みょうごじ,myougoji
明前,みょうぜん,myouzen
明頓,みょうとん,myouton
明禮,みょうれい,myourei
三横呂,みよころ,miyokoro
身吉,みよし,miyoshi
三縁,みより,miyori
見目,みるめ,mirume
神,みわ,miwa
三輪谷,みわたに,miwatani
無井,むい,mui
向川,むかいかわ,mukaikawa
向里,むかいざと,mukaizato
向峠,むかいとうげ,mukaitouge
向畑,むかいばた,mukaibata
向永,むかえ,mukae
武笠,むかさ,mukasa
行騰,むかはぎ,mukahagi
武川,むがわ,mugawa
麦井,むぎい,mugii
麦塚,むぎづか,mugizuka
椋井,むくい,mukui
椋代,むくだい,mukudai
六車,むくるま,mukuruma
向坂,むこうざか,mukouzaka
向畑,むこうばた,mukoubata
向坂,むこさか,mukosaka
武佐,むさ,musa
虫壁,むしかべ,mushikabe
虫生,むしゅう,mushuu
武曽,むそう,musou
牟田口,むたくち,mutakuchi
陸奥,むつ,mutsu
六車,むつしゃ,mutsusha
六万,むつま,mutsuma
武島,むとう,mutou
宗像,むなぞう,munazou
宗方,むねかた,munekata
宗實,むねざね,munezane
宗谷,むねたに,munetani
宗則,むねのり,munenori
棟森,むねもり,munemori
室賀,むめが,mumega
村井,むらい,murai
村上,むらおか,muraoka
村川,むらがわ,muragawa
邑口,むらぐち,muraguchi
村刺,むらさし,murasashi
村知,むらじ,muraji
邨田,むらた,murata
村富,むらとみ,muratomi
村埜,むらの,murano
村部,むらべ,murabe
村本,むらもと,muramoto
無量小路,むりょうこうじ,muryoukouji
諸井,むろい,muroi
室垣内,むろがいと,murogaito
室島,むろしま,muroshima
室寺,むろでら,murodera
室伏,むろふく,murofuku
室本,むろもと,muromoto
命尾,めいお,meio
目石,めいし,meishi
命長,めいちょう,meichou
和布浦,めうら,meura
目釜,めかま,mekama
女川,めがわ,megawa
回木,めぐりき,meguriki
飯井,めしい,meshii
目代,めじろ,mejiro
目附,めつけ,metsuke
目仲,めなか,menaka
目目沢,めめざわ,memezawa
目連,めれん,meren
面園,めんぞの,menzono
剱持,めんもち,menmochi
毛受,もうけ,mouke
茂浦口,もうらぐち,mouraguchi
両角,もかく,mokaku
持木,もぎ,mogi
杢田,もくた,mokuta
最首,もくび,mokubi
茂在,もざい,mozai
茂澄,もずみ,mozumi
罍,もたい,motai
持川,もちかわ,mochikawa
餅谷,もちたに,mochitani
持留,もちとめ,mochitome
持丸,もちまる,mochimaru
物応,もつおう,motsuou
茂木,もてぎ,motegi
基井,もとい,motoi
本市,もといち,motoichi
本落,もとおち,motoochi
端木,もとき,motoki
元久保,もとくぼ,motokubo
本沢,もとさわ,motosawa
本城,もとしろ,motoshiro
本強矢,もとすねや,motosuneya
基田,もとだ,motoda
元恒,もとつね,mototsune
元浪,もとなみ,motonami
本長谷,もとはせ,motohase
本福,もとふく,motofuku
本道,もとみち,motomichi
本守,もともり,motomori
元山,もとやま,motoyama
最所,もどころ,modokoro
物延,もののべ,mononobe
籾井,もみい,momii
樅田,もみた,momita
李,もも,momo
桃川,ももかわ,momokawa
桃澤,ももさわ,momosawa
百田,ももた,momota
桃辻,ももつじ,momotsuji
百々,ももひゃく,momohyaku
茂吉,もよし,moyoshi
森相,もりあい,moriai
森上,もりうえ,moriue
守屋,もりお,morio
森鍵,もりかぎ,morikagi
早川,もりかわ,morikawa
森木園,もりきぞの,morikizono
守倉,もりくら,morikura
森崎,もりさき,morisaki
森實,もりざね,morizane
森嶋,もりしま,morishima
守住,もりすみ,morisumi
森添,もりぞえ,morizoe
森谷,もりたに,moritani
守次,もりつぐ,moritsugu
森時,もりとき,moritoki
森長,もりなが,morinaga
森能,もりの,morino
盛原,もりはら,morihara
森平,もりへい,morihei
森道,もりみち,morimichi
守矢,もりや,moriya
毛利山,もりやま,moriyama
漏田,もるた,moruta
両岡,もろおか,morooka
諸井,もろき,moroki
諸治,もろじ,moroji
諸角,もろづの,morozuno
諸星,もろはし,morohashi
諸見川,もろみかわ,moromikawa
門川,もんかわ,monkawa
門條,もんじょう,monjou
文傳,もんでん,monden
門馬,もんま,monma
家市,やいち,yaichi
八戸,やえ,yae
八重嶋,やえしま,yaeshima
八鳳,やお,yao
八百幸,やおこう,yaokou
八百山,やおやま,yaoyama
屋形,やかた,yakata
矢上,やかみ,yakami
矢ヶ崎,やがさき,yagasaki
八上,やがみ,yagami
谷河,やがわ,yagawa
焼継,やきつぎ,yakitsugi
矢城,やぎ,yagi
八木沢,やぎさわ,yagisawa
柳田,やぎだ,yagida
柳村,やぎむら,yagimura
藥井,やくい,yakui
薬師神,やくしかみ,yakushikami
薬田,やくた,yakuta
家倉,やくら,yakura
矢車,やぐるま,yaguruma
谷下澤,やげざわ,yagezawa
矢子,やこ,yako
矢合,やごう,yagou
弥栄,やさか,yasaka
家座,やざ,yaza
柳澤,やざわ,yazawa
矢式,やしき,yashiki
矢芝,やしば,yashiba
家城,やしろ,yashiro
八道,やじ,yaji
弥十郎,やじゅうろう,yajuurou
安井,やすい,yasui
泰江,やすえ,yasue
保興,やすおき,yasuoki
安垣,やすがき,yasugaki
保木,やすぎ,yasugi
安河内,やすこうち,yasukouchi
安沢,やすざわ,yasuzawa
安積,やすずみ,yasuzumi
保立,やすたち,yasutachi
保立,やすだて,yasudate
安留,やすどめ,yasudome
安念,やすねん,yasunen
安場,やすば,yasuba
保福,やすふく,yasufuku
康松,やすまつ,yasumatsu
休坂,やすみさか,yasumisaka
安雲,やすも,yasumo
安吉,やすよし,yasuyoshi
薮中,やずなか,yazunaka
八十島,やそじま,yasojima
八明,やたい,yatai
矢田貝,やたぐ,yatagu
矢田部,やたべ,yatabe
屋代,やだい,yadai
矢違,やちがい,yachigai
谷内前,やちまえ,yachimae
祢津,やつ,yatsu
安ケ平,やつがしら,yatsugashira
八子,やつし,yatsushi
八田,やつだ,yatsuda
八尋,やつひろ,yatsuhiro
八代,やつよ,yatsuyo
矢戸,やと,yato
八十島,やとじま,yatojima
宿里,やどざと,yadozato
梁,やな,yana
矢内原,やないはら,yanaihara
柳上,やなかみ,yanakami
柳川,やながわ,yanagawa
柳内,やなぎうち,yanagiuchi
柳沢,やなぎざわ,yanagizawa
柳平,やなぎだいら,yanagidaira
柳橋,やなぎばし,yanagibashi
柳谷,やなぎや,yanagiya
梁嶋,やなしま,yanashima
梁田,やなた,yanata
梁取,やなどり,yanadori
柳邉,やなべ,yanabe
柳美沢,やなみさわ,yanamisawa
家根内,やねうち,yaneuchi
八野井,やのい,yanoi
矢ノ崎,やのさき,yanosaki
彌延,やのべ,yanobe
矢橋,やはし,yahashi
八幡木,やはたぎ,yahatagi
矢半田,やはんだ,yahanda
矢彦沢,やひこざわ,yahikozawa
谷藤,やふじ,yafuji
薮内,やぶうち,yabuuchi
矢吹,やぶき,yabuki
薮崎,やぶさき,yabusaki
籔谷,やぶたに,yabutani
薮長,やぶなが,yabunaga
薮端,やぶはた,yabuhata
矢屏,やべ,yabe
山縣,やまあがた,yamaagata
山家,やまうち,yamauchi
山小田,やまおだ,yamaoda
山形,やまかた,yamakata
山垣内,やまがきうち,yamagakiuchi
山神,やまがみ,yamagami
山巻,やまき,yamaki
山國,やまくに,yamakuni
山華,やまげ,yamage
山阪,やまさか,yamasaka
山坂,やまざか,yamazaka
山信,やましな,yamashina
山新,やましん,yamashin
山角,やますみ,yamasumi
山薗,やまぞの,yamazono
山田原,やまだはら,yamadahara
山蔦,やまつた,yamatsuta
倭,やまと,yamato
大和田,やまとだ,yamatoda
山永,やまなが,yamanaga
山野,やまの,yamano
山上,やまのかみ,yamanokami
山手,やまのて,yamanote
山野辺,やまのべ,yamanobe
山春,やまはる,yamaharu
山藤,やまふじ,yamafuji
山星,やまほし,yamahoshi
山牟田,やまむた,yamamuta
山盛,やまもり,yamamori
山若,やまわか,yamawaka
矢袋,やむろ,yamuro
家森,やもり,yamori
屋代崎,やよざき,yayozaki
遣沢,やりさわ,yarisawa
鎗光,やりみつ,yarimitsu
屋渡,やわたり,yawatari
柚,ゆ,yu
許斐,ゆい,yui
結繩,ゆいなわ,yuinawa
劉,ゆう,yuu
偸伽,ゆうが,yuuga
由木,ゆうき,yuuki
幽谷,ゆうこく,yuukoku
優扇,ゆうせん,yuusen
遊塚,ゆうづか,yuuzuka
夕日,ゆうひ,yuuhi
湯免,ゆうめん,yuumen
湯尾,ゆお,yuo
湯垣,ゆがき,yugaki
幸,ゆき,yuki
行川,ゆきかわ,yukikawa
幸沢,ゆきざわ,yukizawa
雪竹,ゆきたけ,yukitake
行成,ゆきなり,yukinari
雪広,ゆきひろ,yukihiro
雪村,ゆきむら,yukimura
結城,ゆぎ,yugi
往見,ゆくみ,yukumi
弓削田,ゆげた,yugeta
遊佐,ゆざ,yuza
油島,ゆしま,yushima
柚垣,ゆずがき,yuzugaki
杠,ゆずりは,yuzuriha
豊嶋,ゆたじま,yutajima
柚木,ゆづき,yuzuki
湯沼,ゆぬま,yunuma
湯野喜,ゆのき,yunoki
湯之戸,ゆのと,yunoto
柚場,ゆば,yuba
指宿,ゆびやど,yubiyado
湯槙,ゆまき,yumaki
弓沢,ゆみさわ,yumisawa
弓長,ゆみなが,yuminaga
湯村,ゆむら,yumura
弓矢,ゆや,yuya
由里,ゆり,yuri
百合藤,ゆりふじ,yurifuji
免,ゆるし,yurushi
宵,よい,yoi
楊,よう,you
用川,ようかわ,youkawa
用品,ようしな,youshina
養田,ようだ,youda
養父,ようふ,youfu
与風,よかぜ,yokaze
斧鉈,よきなた,yokinata
餘久保,よくぼ,yokubo
世古,よこ,yoko
横落,よこおち,yokoochi
横雲,よこぐも,yokogumo
横下,よこした,yokoshita
横畝,よこせ,yokose
輿古田,よこだ,yokoda
横手山,よこてやま,yokoteyama
横佩,よこはぎ,yokohagi
横渕,よこぶち,yokobuchi
與古光,よこみつ,yokomitsu
槿山,よこやま,yokoyama
輿語,よご,yogo
与謝野,よさの,yosano
要,よし,yoshi
葭井,よしい,yoshii
吉羽,よしう,yoshiu
好江,よしえ,yoshie
義興,よしおこ,yoshioko
慶金,よしかね,yoshikane
吉賀,よしが,yoshiga
芳川,よしがわ,yoshigawa
善國,よしくに,yoshikuni
吉幸,よしこう,yoshikou
島崎,よしざき,yoshizaki
吉沢,よしざわ,yoshizawa
吉住,よしすみ,yoshisumi
吉積,よしぜき,yoshizeki
吉竹,よしたけ,yoshitake
喜田,よしだ,yoshida
良知,よしち,yoshichi
吉積,よしづみ,yoshizumi
吉冨,よしとみ,yoshitomi
与品,よしな,yoshina
好長,よしなが,yoshinaga
美野,よしの,yoshino
吉ノ元,よしのもと,yoshinomoto
世次原,よしはら,yoshihara
吉秀,よしひで,yoshihide
吉藤,よしふじ,yoshifuji
芳松,よしまつ,yoshimatsu
由見,よしみ,yoshimi
歡峯,よしみね,yoshimine
善村,よしむら,yoshimura
芳本,よしもと,yoshimoto
義基,よしもと,yoshimoto
吉家,よしや,yoshiya
吉行,よしゆき,yoshiyuki
艶原,よしわら,yoshiwara
代情,よせ,yose
輿曽井,よそい,yosoi
餘田,よた,yota
蓬田,よだ,yoda
四門,よつかど,yotsukado
四津谷,よつたに,yotsutani
四元,よつもと,yotsumoto
四戸,よと,yoto
淀君,よどぎみ,yodogimi
与名,よな,yona
与那城,よなぐすく,yonagusuku
與那原,よなばる,yonabaru
夜西,よにし,yonishi
米丘,よねおか,yoneoka
米崎,よねさき,yonesaki
米持,よねじ,yoneji
米嵩,よねたけ,yonetake
米冨,よねとみ,yonetomi
米原,よねばら,yonebara
米村,よねむら,yonemura
米山,よねやま,yoneyama
与野木,よのき,yonoki
横山,よはやま,yohayama
余平名,よへな,yohena
読谷山,よみたんざん,yomitanzan
四万,よも,yomo
右衛門佐,よもさ,yomosa
四方山,よもやま,yomoyama
寄尾,よりお,yorio
寄口,よりぐち,yoriguchi
頼田,よりた,yorita
頼仲,よりなか,yorinaka
頼前,よりまえ,yorimae
夜久,よるひさ,yoruhisa
萬谷,よろずや,yorozuya
龍,よん,yon
来家,らいか,raika
頼成,らいじょう,raijou
来徳,らいとく,raitoku
楽巌寺,らくがんじ,rakuganji
洛陽,らくよう,rakuyou
藍川,らんがわ,rangawa
蘭幕,らんまく,ranmaku
力岡,りきおか,rikioka
力万,りきまん,rikiman
力丸,りくまる,rikumaru
立仙,りっせん,rissen
里東,りとう,ritou
琉,りゅう,ryuu
竜角,りゅうかく,ryuukaku
流元,りゅうげん,ryuugen
立古,りゅうご,ryuugo
竜嶋,りゅうしま,ryuushima
龍石堂,りゅうせきどう,ryuusekidou
龍瀧,りゅうたき,ryuutaki
竜野,りゅうの,ryuuno
竜前,りゅうまえ,ryuumae
梁,りょう,ryou
亮木,りょうき,ryouki
漁崎,りょうざき,ryouzaki
料治,りょうじ,ryouji
領地,りょうち,ryouchi
漁野,りょうの,ryouno
両村,りょうむら,ryoumura
鈴形,りんぎょう,ringyou
淋代,りんだい,rindai
類家,るいいえ,ruiie
嶺,れい,rei
礼田,れいだ,reida
礼間,れま,rema
蓮種,れんしゅ,renshu
盧,ろ,ro
櫓木,ろぎ,rogi
録沢,ろくさわ,rokusawa
六角,ろくずみ,rokuzumi
六沼,ろくぬま,rokunuma
路熊,ろくま,rokuma
六郎木,ろくろぎ,rokurogi
論田,ろんだ,ronda
和宇慶,わうけ,wauke
若一,わかいち,wakaichi
若麻績,わかおみ,wakaomi
和家佐,わかさ,wakasa
若嶋津,わかしまづ,wakashimazu
若曽根,わかそね,wakasone
和哥月,わかつき,wakatsuki
若花田,わかはなだ,wakahanada
若麻績,わかまづき,wakamazuki
若森,わかもり,wakamori
若賀井,わがい,wagai
和気,わき,waki
脇川,わきがわ,wakigawa
脇島田,わきしまだ,wakishimada
脇津,わきつ,wakitsu
脇浜,わきはま,wakihama
我喜屋,わきや,wakiya
和久井,わくい,wakui
湧田,わくた,wakuta
和久本,わくもと,wakumoto
和口,わぐち,waguchi
別部,わけべ,wakebe
和沙,わさ,wasa
和佐原,わさはら,wasahara
鷲北,わしきた,washikita
鷲田,わした,washita
鷲埜,わしの,washino
鷲牟礼,わしむれ,washimure
和喰,わじき,wajiki
和瀬,わせ,wase
渡井,わたい,watai
綿上,わたがみ,watagami
渡司,わたし,watashi
渡瀬,わたぜ,wataze
綿奈部,わたなべ,watanabe
四月朔日,わたぬき,watanuki
渡久山,わたひやま,watahiyama
綿元,わたもと,watamoto
渡井,わたらい,watarai
津,わたり,watari
湖,わたる,wataru
和田木,わだき,wadaki
和田林,わだばやし,wadabayashi
鷲津,わつじ,watsuji
和邇,わに,wani
和野,わの,wano
和村,わむら,wamura
和楽,わらく,waraku
藁谷,わらや,waraya
割田,わりだ,warida
陶山,われやま,wareyama
